/**
 * generated by fontconvert.py
 * name: departure_mono_22_regular
 * size: 22
 * mode: 1-bit
 * Command used: lib/EpdFont/scripts/fontconvert.py departure_mono_22_regular 22 lib/EpdFont/builtinFonts/source/DepartureMono/DepartureMono-Regular.otf --dpi 72
 */
#pragma once
#include "EpdFontData.h"

static const uint8_t departure_mono_22_regularBitmaps[15306] = {
    0x6D, 0xB6, 0xDB, 0x6D, 0xB0, 0x1B, 0x66, 0xCD, 0x9B, 0x36, 0x6C, 0xC0, 0x00, 0x03, 0x30, 0x0C,
    0xC0, 0x33, 0x00, 0xCC, 0x3F, 0xFC, 0xFF, 0xF0, 0xCC, 0x03, 0x30, 0x0C, 0xC0, 0x33, 0x0F, 0xFF,
    0x3F, 0xFC, 0x33, 0x00, 0xCC, 0x03, 0x30, 0x0C, 0xC0, 0x06, 0x00, 0xC0, 0x7E, 0x0F, 0xC6, 0x66,
    0xCC, 0xD9, 0x83, 0x30, 0x1F, 0x83, 0xF0, 0x19, 0x83, 0x30, 0x66, 0x0C, 0xD9, 0x9B, 0x33, 0x1F,
    0x83, 0xF0, 0x18, 0x03, 0x00, 0x18, 0x18, 0xC0, 0xD9, 0x86, 0xCC, 0x31, 0x86, 0x0C, 0x30, 0x06,
    0x00, 0x30, 0x06, 0x00, 0x30, 0x06, 0x18, 0x30, 0xC6, 0x19, 0xB0, 0xCD, 0x81, 0x8C, 0x0C, 0x1E,
    0x00, 0xF0, 0x18, 0x60, 0xC3, 0x06, 0x00, 0x30, 0x00, 0x60, 0x63, 0x03, 0x61, 0xE3, 0x0F, 0x18,
    0x60, 0xC3, 0x06, 0x18, 0x30, 0xC0, 0x78, 0x03, 0xC0, 0x6D, 0xB6, 0xC0, 0x06, 0x0C, 0x60, 0xC6,
    0x0C, 0x18, 0x30, 0x60, 0xC1, 0x83, 0x06, 0x0C, 0x18, 0x30, 0x18, 0x30, 0x18, 0x30, 0x60, 0xC0,
    0x60, 0xC0, 0x60, 0xC1, 0x83, 0x06, 0x0C, 0x18, 0x30, 0x60, 0xC1, 0x83, 0x18, 0x31, 0x83, 0x00,
    0x06, 0x00, 0xC1, 0x99, 0xB3, 0x31, 0xF8, 0x3F, 0x19, 0x9B, 0x33, 0x06, 0x00, 0xC0, 0x00, 0x00,
    0x06, 0x00, 0xC0, 0x18, 0x03, 0x07, 0xFE, 0xFF, 0xC1, 0x80, 0x30, 0x06, 0x00, 0xC0, 0x00, 0x00,
    0x18, 0xC6, 0x36, 0x30, 0x7E, 0xFC, 0x00, 0x6D, 0xB0, 0x00, 0x60, 0x0C, 0x01, 0x80, 0x30, 0x18,
    0x03, 0x00, 0x60, 0x0C, 0x06, 0x00, 0xC0, 0x18, 0x03, 0x01, 0x80, 0x30, 0x06, 0x00, 0xC0, 0x60,
    0x0C, 0x01, 0x80, 0x30, 0x00, 0x1F, 0x83, 0xF1, 0x81, 0xB0, 0x36, 0x1E, 0xC3, 0xD9, 0x9B, 0x33,
    0x78, 0x6F, 0x0D, 0x81, 0xB0, 0x36, 0x06, 0xC0, 0xC7, 0xE0, 0xFC, 0x06, 0x00, 0xC1, 0xF8, 0x3F,
    0x00, 0x60, 0x0C, 0x01, 0x80, 0x30, 0x06, 0x00, 0xC0, 0x18, 0x03, 0x00, 0x60, 0x0C, 0x1F, 0xFB,
    0xFF, 0x1F, 0x83, 0xF1, 0x81, 0xB0, 0x30, 0x06, 0x00, 0xC0, 0x60, 0x0C, 0x06, 0x00, 0xC0, 0x60,
    0x0C, 0x06, 0x00, 0xC0, 0x1F, 0xFB, 0xFF, 0x1F, 0x83, 0xF1, 0x81, 0xB0, 0x30, 0x06, 0x00, 0xC1,
    0xE0, 0x3C, 0x00, 0x60, 0x0C, 0x01, 0x80, 0x36, 0x06, 0xC0, 0xC7, 0xE0, 0xFC, 0x01, 0xE0, 0x3C,
    0x19, 0x83, 0x31, 0x86, 0x30, 0xD8, 0x1B, 0x03, 0x60, 0x6C, 0x0D, 0xFF, 0xBF, 0xF0, 0x06, 0x00,
    0xC0, 0x18, 0x03, 0x7F, 0xEF, 0xFD, 0x80, 0x30, 0x06, 0x00, 0xC0, 0x1F, 0xE3, 0xFC, 0x00, 0x60,
    0x0C, 0x01, 0x80, 0x36, 0x06, 0xC0, 0xC7, 0xE0, 0xFC, 0x1F, 0x83, 0xF1, 0x81, 0xB0, 0x36, 0x00,
    0xC0, 0x1F, 0xE3, 0xFC, 0x60, 0x6C, 0x0D, 0x81, 0xB0, 0x36, 0x06, 0xC0, 0xC7, 0xE0, 0xFC, 0x7F,
    0xEF, 0xFC, 0x01, 0x80, 0x30, 0x06, 0x00, 0xC0, 0x60, 0x0C, 0x06, 0x00, 0xC0, 0x60, 0x0C, 0x01,
    0x80, 0x30, 0x06, 0x00, 0xC0, 0x1F, 0x83, 0xF1, 0x81, 0xB0, 0x36, 0x06, 0xC0, 0xC7, 0xE0, 0xFC,
    0x60, 0x6C, 0x0D, 0x81, 0xB0, 0x36, 0x06, 0xC0, 0xC7, 0xE0, 0xFC, 0x1F, 0x83, 0xF1, 0x81, 0xB0,
    0x36, 0x06, 0xC0, 0xD8, 0x1B, 0x03, 0x1F, 0xE3, 0xFC, 0x01, 0x80, 0x36, 0x06, 0xC0, 0xC7, 0xE0,
    0xFC, 0x6D, 0xB0, 0x00, 0x6D, 0xB0, 0x18, 0xC6, 0x30, 0x00, 0x00, 0x18, 0xC6, 0x36, 0x30, 0x01,
    0x80, 0xC1, 0x80, 0xC1, 0x80, 0xC1, 0x80, 0xC0, 0x18, 0x0C, 0x01, 0x80, 0xC0, 0x18, 0x0C, 0x7F,
    0xEF, 0xFC, 0x00, 0x00, 0x07, 0xFE, 0xFF, 0xC0, 0x00, 0x60, 0x30, 0x06, 0x03, 0x00, 0x60, 0x30,
    0x06, 0x03, 0x06, 0x03, 0x06, 0x03, 0x06, 0x03, 0x00, 0x1F, 0x83, 0xF1, 0x81, 0xB0, 0x30, 0x06,
    0x00, 0xC0, 0x60, 0x0C, 0x06, 0x00, 0xC0, 0x18, 0x03, 0x00, 0x00, 0x00, 0x01, 0x80, 0x30, 0x1F,
    0x83, 0xF1, 0x81, 0xB0, 0x30, 0x06, 0x00, 0xC7, 0x98, 0xF3, 0x66, 0x6C, 0xCD, 0x99, 0xB3, 0x36,
    0x66, 0xCC, 0xC6, 0x60, 0xCC, 0x06, 0x00, 0xC0, 0x66, 0x0C, 0xC6, 0x06, 0xC0, 0xD8, 0x1B, 0x03,
    0x7F, 0xEF, 0xFD, 0x81, 0xB0, 0x36, 0x06, 0xC0, 0xD8, 0x1B, 0x03, 0x7F, 0x8F, 0xF1, 0x81, 0xB0,
    0x36, 0x06, 0xC0, 0xDF, 0xE3, 0xFC, 0x60, 0x6C, 0x0D, 0x81, 0xB0, 0x36, 0x06, 0xC0, 0xDF, 0xE3,
    0xFC, 0x1F, 0x83, 0xF1, 0x81, 0xB0, 0x36, 0x00, 0xC0, 0x18, 0x03, 0x00, 0x60, 0x0C, 0x01, 0x80,
    0x30, 0x06, 0x06, 0xC0, 0xC7, 0xE0, 0xFC, 0x7F, 0x8F, 0xF1, 0x81, 0xB0, 0x36, 0x06, 0xC0, 0xD8,
    0x1B, 0x03, 0x60, 0x6C, 0x0D, 0x81, 0xB0, 0x36, 0x06, 0xC0, 0xDF, 0xE3, 0xFC, 0x7F, 0xEF, 0xFD,
    0x80, 0x30, 0x06, 0x00, 0xC0, 0x1F, 0xE3, 0xFC, 0x60, 0x0C, 0x01, 0x80, 0x30, 0x06, 0x00, 0xC0,
    0x1F, 0xFB, 0xFF, 0x7F, 0xEF, 0xFD, 0x80, 0x30, 0x06, 0x00, 0xC0, 0x1F, 0xE3, 0xFC, 0x60, 0x0C,
    0x01, 0x80, 0x30, 0x06, 0x00, 0xC0, 0x18, 0x03, 0x00, 0x1F, 0x83, 0xF1, 0x81, 0xB0, 0x36, 0x00,
    0xC0, 0x18, 0x03, 0x00, 0x61, 0xEC, 0x3D, 0x81, 0xB0, 0x36, 0x06, 0xC0, 0xC7, 0xE0, 0xFC, 0x60,
    0x6C, 0x0D, 0x81, 0xB0, 0x36, 0x06, 0xC0, 0xDF, 0xFB, 0xFF, 0x60, 0x6C, 0x0D, 0x81, 0xB0, 0x36,
    0x06, 0xC0, 0xD8, 0x1B, 0x03, 0x7F, 0xEF, 0xFC, 0x18, 0x03, 0x00, 0x60, 0x0C, 0x01, 0x80, 0x30,
    0x06, 0x00, 0xC0, 0x18, 0x03, 0x00, 0x60, 0x0C, 0x1F, 0xFB, 0xFF, 0x07, 0xE0, 0xFC, 0x01, 0x80,
    0x30, 0x06, 0x00, 0xC0, 0x18, 0x03, 0x00, 0x60, 0x0C, 0x01, 0x80, 0x36, 0x06, 0xC0, 0xC7, 0xE0,
    0xFC, 0x60, 0x6C, 0x0D, 0x86, 0x30, 0xC6, 0x60, 0xCC, 0x1F, 0x83, 0xF0, 0x61, 0x8C, 0x31, 0x86,
    0x30, 0xC6, 0x06, 0xC0, 0xD8, 0x1B, 0x03, 0x60, 0x0C, 0x01, 0x80, 0x30, 0x06, 0x00, 0xC0, 0x18,
    0x03, 0x00, 0x60, 0x0C, 0x01, 0x80, 0x30, 0x06, 0x00, 0xC0, 0x1F, 0xFB, 0xFF, 0x60, 0x6C, 0x0D,
    0x81, 0xB0, 0x37, 0x9E, 0xF3, 0xD9, 0x9B, 0x33, 0x66, 0x6C, 0xCD, 0x81, 0xB0, 0x36, 0x06, 0xC0,
    0xD8, 0x1B, 0x03, 0x60, 0x6C, 0x0D, 0x81, 0xB0, 0x37, 0x86, 0xF0, 0xD9, 0x9B, 0x33, 0x61, 0xEC,
    0x3D, 0x81, 0xB0, 0x36, 0x06, 0xC0, 0xD8, 0x1B, 0x03, 0x1F, 0x83, 0xF1, 0x81, 0xB0, 0x36, 0x06,
    0xC0, 0xD8, 0x1B, 0x03, 0x60, 0x6C, 0x0D, 0x81, 0xB0, 0x36, 0x06, 0xC0, 0xC7, 0xE0, 0xFC, 0x7F,
    0x8F, 0xF1, 0x81, 0xB0, 0x36, 0x06, 0xC0, 0xD8, 0x1B, 0x03, 0x7F, 0x8F, 0xF1, 0x80, 0x30, 0x06,
    0x00, 0xC0, 0x18, 0x03, 0x00, 0x1F, 0x83, 0xF1, 0x81, 0xB0, 0x36, 0x06, 0xC0, 0xD8, 0x1B, 0x03,
    0x60, 0x6C, 0x0D, 0x81, 0xB0, 0x36, 0x06, 0xC0, 0xC7, 0xE0, 0xFC, 0x01, 0xE0, 0x3C, 0x7F, 0x8F,
    0xF1, 0x81, 0xB0, 0x36, 0x06, 0xC0, 0xD8, 0x1B, 0x03, 0x7F, 0x8F, 0xF1, 0x86, 0x30, 0xC6, 0x06,
    0xC0, 0xD8, 0x1B, 0x03, 0x1F, 0x83, 0xF1, 0x81, 0xB0, 0x36, 0x00, 0xC0, 0x07, 0xE0, 0xFC, 0x00,
    0x60, 0x0C, 0x01, 0x80, 0x36, 0x06, 0xC0, 0xC7, 0xE0, 0xFC, 0x7F, 0xEF, 0xFC, 0x18, 0x03, 0x00,
    0x60, 0x0C, 0x01, 0x80, 0x30, 0x06, 0x00, 0xC0, 0x18, 0x03, 0x00, 0x60, 0x0C, 0x01, 0x80, 0x30,
    0x60, 0x6C, 0x0D, 0x81, 0xB0, 0x36, 0x06, 0xC0, 0xD8, 0x1B, 0x03, 0x60, 0x6C, 0x0D, 0x81, 0xB0,
    0x36, 0x06, 0xC0, 0xC7, 0xE0, 0xFC, 0x60, 0x6C, 0x0D, 0x81, 0xB0, 0x36, 0x06, 0xC0, 0xD8, 0x1B,
    0x03, 0x60, 0x6C, 0x0C, 0x66, 0x0C, 0xC1, 0x98, 0x33, 0x01, 0x80, 0x30, 0x60, 0x6C, 0x0D, 0x81,
    0xB0, 0x36, 0x06, 0xC0, 0xD9, 0x9B, 0x33, 0x66, 0x6C, 0xCC, 0x66, 0x0C, 0xC1, 0x98, 0x33, 0x06,
    0x60, 0xCC, 0x60, 0x6C, 0x0D, 0x81, 0xB0, 0x31, 0x98, 0x33, 0x01, 0x80, 0x30, 0x19, 0x83, 0x31,
    0x81, 0xB0, 0x36, 0x06, 0xC0, 0xD8, 0x1B, 0x03, 0x60, 0x6C, 0x0D, 0x81, 0xB0, 0x36, 0x06, 0xC0,
    0xC6, 0x60, 0xCC, 0x06, 0x00, 0xC0, 0x18, 0x03, 0x00, 0x60, 0x0C, 0x01, 0x80, 0x30, 0x7F, 0xEF,
    0xFC, 0x01, 0x80, 0x30, 0x18, 0x03, 0x01, 0x80, 0x30, 0x18, 0x03, 0x01, 0x80, 0x30, 0x06, 0x00,
    0xC0, 0x1F, 0xFB, 0xFF, 0x7E, 0xFD, 0x83, 0x06, 0x0C, 0x18, 0x30, 0x60, 0xC1, 0x83, 0x06, 0x0C,
    0x18, 0x30, 0x60, 0xC1, 0xFB, 0xF0, 0x60, 0x0C, 0x01, 0x80, 0x30, 0x01, 0x80, 0x30, 0x06, 0x00,
    0xC0, 0x06, 0x00, 0xC0, 0x18, 0x03, 0x00, 0x18, 0x03, 0x00, 0x60, 0x0C, 0x00, 0x60, 0x0C, 0x01,
    0x80, 0x30, 0x7E, 0xFC, 0x18, 0x30, 0x60, 0xC1, 0x83, 0x06, 0x0C, 0x18, 0x30, 0x60, 0xC1, 0x83,
    0x06, 0x0D, 0xFB, 0xF0, 0x18, 0x31, 0x9B, 0x30, 0x00, 0x7F, 0xEF, 0xFC, 0x63, 0x06, 0x30, 0x00,
    0x1F, 0x83, 0xF0, 0x01, 0x80, 0x31, 0xFE, 0x3F, 0xD8, 0x1B, 0x03, 0x61, 0xEC, 0x3C, 0x79, 0x8F,
    0x30, 0x60, 0x0C, 0x01, 0x80, 0x30, 0x06, 0x78, 0xCF, 0x1E, 0x1B, 0xC3, 0x60, 0x6C, 0x0D, 0x81,
    0xB0, 0x37, 0x86, 0xF0, 0xD9, 0xE3, 0x3C, 0x1F, 0x83, 0xF1, 0x81, 0xB0, 0x36, 0x00, 0xC0, 0x18,
    0x03, 0x00, 0x60, 0x6C, 0x0C, 0x7E, 0x0F, 0xC0, 0x00, 0x60, 0x0C, 0x01, 0x80, 0x31, 0xE6, 0x3C,
    0xD8, 0x7B, 0x0F, 0x60, 0x6C, 0x0D, 0x81, 0xB0, 0x36, 0x1E, 0xC3, 0xC7, 0x98, 0xF3, 0x1F, 0x83,
    0xF1, 0x81, 0xB0, 0x37, 0xFE, 0xFF, 0xD8, 0x03, 0x00, 0x60, 0x6C, 0x0C, 0x7E, 0x0F, 0xC0, 0x07,
    0xE0, 0xFC, 0x60, 0x0C, 0x07, 0xFE, 0xFF, 0xC6, 0x00, 0xC0, 0x18, 0x03, 0x00, 0x60, 0x0C, 0x01,
    0x80, 0x30, 0x1F, 0xE3, 0xFC, 0x1E, 0x63, 0xCD, 0x87, 0xB0, 0xF6, 0x06, 0xC0, 0xD8, 0x1B, 0x03,
    0x61, 0xEC, 0x3C, 0x79, 0x8F, 0x30, 0x06, 0x00, 0xC7, 0xE0, 0xFC, 0x60, 0x0C, 0x01, 0x80, 0x30,
    0x06, 0x78, 0xCF, 0x1E, 0x1B, 0xC3, 0x60, 0x6C, 0x0D, 0x81, 0xB0, 0x36, 0x06, 0xC0, 0xD8, 0x1B,
    0x03, 0x06, 0x00, 0xC0, 0x00, 0x00, 0x07, 0xE0, 0xFC, 0x01, 0x80, 0x30, 0x06, 0x00, 0xC0, 0x18,
    0x03, 0x00, 0x60, 0x0C, 0x1F, 0xFB, 0xFF, 0x01, 0x80, 0xC0, 0x00, 0x01, 0xF8, 0xFC, 0x06, 0x03,
    0x01, 0x80, 0xC0, 0x60, 0x30, 0x18, 0x0C, 0x06, 0x03, 0x61, 0xB0, 0xC7, 0x83, 0xC0, 0x60, 0x0C,
    0x01, 0x80, 0x30, 0x06, 0x06, 0xC0, 0xD8, 0x63, 0x0C, 0x66, 0x0C, 0xC1, 0xF8, 0x3F, 0x06, 0x18,
    0xC3, 0x18, 0x1B, 0x03, 0x7E, 0x0F, 0xC0, 0x18, 0x03, 0x00, 0x60, 0x0C, 0x01, 0x80, 0x30, 0x06,
    0x00, 0xC0, 0x18, 0x03, 0x00, 0x60, 0x0C, 0x1F, 0xFB, 0xFF, 0x79, 0x8F, 0x31, 0x99, 0xB3, 0x36,
    0x66, 0xCC, 0xD9, 0x9B, 0x33, 0x66, 0x6C, 0xCD, 0x99, 0xB3, 0x30, 0x67, 0x8C, 0xF1, 0xE1, 0xBC,
    0x36, 0x06, 0xC0, 0xD8, 0x1B, 0x03, 0x60, 0x6C, 0x0D, 0x81, 0xB0, 0x30, 0x1F, 0x83, 0xF1, 0x81,
    0xB0, 0x36, 0x06, 0xC0, 0xD8, 0x1B, 0x03, 0x60, 0x6C, 0x0C, 0x7E, 0x0F, 0xC0, 0x67, 0x8C, 0xF1,
    0xE1, 0xBC, 0x36, 0x06, 0xC0, 0xD8, 0x1B, 0x03, 0x78, 0x6F, 0x0D, 0x9E, 0x33, 0xC6, 0x00, 0xC0,
    0x18, 0x03, 0x00, 0x1E, 0x63, 0xCD, 0x87, 0xB0, 0xF6, 0x06, 0xC0, 0xD8, 0x1B, 0x03, 0x61, 0xEC,
    0x3C, 0x79, 0x8F, 0x30, 0x06, 0x00, 0xC0, 0x18, 0x03, 0x79, 0xEF, 0x3C, 0x78, 0x0F, 0x01, 0x80,
    0x30, 0x06, 0x00, 0xC0, 0x18, 0x03, 0x01, 0xFE, 0x3F, 0xC0, 0x1F, 0x83, 0xF1, 0x81, 0xB0, 0x31,
    0xF8, 0x3F, 0x00, 0x18, 0x03, 0x60, 0x6C, 0x0C, 0x7E, 0x0F, 0xC0, 0x18, 0x03, 0x00, 0x60, 0x0C,
    0x07, 0xFE, 0xFF, 0xC6, 0x00, 0xC0, 0x18, 0x03, 0x00, 0x60, 0x0C, 0x01, 0x86, 0x30, 0xC1, 0xE0,
    0x3C, 0x60, 0x6C, 0x0D, 0x81, 0xB0, 0x36, 0x06, 0xC0, 0xD8, 0x1B, 0x03, 0x61, 0xEC, 0x3C, 0x79,
    0x8F, 0x30, 0x60, 0x6C, 0x0D, 0x81, 0xB0, 0x36, 0x06, 0xC0, 0xC6, 0x60, 0xCC, 0x19, 0x83, 0x30,
    0x18, 0x03, 0x00, 0x66, 0x6C, 0xCD, 0x99, 0xB3, 0x36, 0x66, 0xCC, 0xD9, 0x9B, 0x33, 0x66, 0x6C,
    0xCC, 0x67, 0x8C, 0xF0, 0x60, 0x6C, 0x0C, 0x66, 0x0C, 0xC0, 0x60, 0x0C, 0x06, 0x60, 0xCC, 0x60,
    0x6C, 0x0D, 0x81, 0xB0, 0x30, 0x60, 0x6C, 0x0D, 0x81, 0xB0, 0x36, 0x06, 0xC0, 0xC6, 0x60, 0xCC,
    0x19, 0x83, 0x30, 0x18, 0x03, 0x00, 0x60, 0x0C, 0x1E, 0x03, 0xC0, 0x7F, 0xEF, 0xFC, 0x06, 0x00,
    0xC0, 0x60, 0x0C, 0x06, 0x00, 0xC0, 0x60, 0x0C, 0x01, 0xFF, 0xBF, 0xF0, 0x03, 0xC0, 0xF0, 0xC0,
    0x30, 0x0C, 0x03, 0x00, 0xC0, 0x30, 0xF0, 0x3C, 0x00, 0xC0, 0x30, 0x0C, 0x03, 0x00, 0xC0, 0x30,
    0x0C, 0x03, 0x00, 0x3C, 0x0F, 0x6D, 0xB6, 0xDB, 0x6D, 0xB6, 0xDB, 0x6D, 0xB0, 0x78, 0x0F, 0x00,
    0x18, 0x03, 0x00, 0x60, 0x0C, 0x01, 0x80, 0x30, 0x01, 0xE0, 0x3C, 0x18, 0x03, 0x00, 0x60, 0x0C,
    0x01, 0x80, 0x30, 0x06, 0x00, 0xC1, 0xE0, 0x3C, 0x00, 0x18, 0x03, 0x01, 0x99, 0xB3, 0x30, 0x18,
    0x03, 0x00, 0x00, 0x6C, 0x06, 0xDB, 0x6D, 0xB6, 0xDB, 0x06, 0x00, 0xC0, 0x7E, 0x0F, 0xC6, 0x66,
    0xCC, 0xD9, 0x83, 0x30, 0x66, 0x6C, 0xCC, 0x7E, 0x0F, 0xC0, 0x60, 0x0C, 0x00, 0x07, 0x80, 0xF0,
    0x61, 0x8C, 0x31, 0x80, 0x30, 0x06, 0x00, 0xC0, 0x7F, 0x8F, 0xF0, 0x60, 0x0C, 0x01, 0x80, 0x30,
    0x1F, 0xFB, 0xFF, 0x66, 0x6C, 0xCC, 0x66, 0x0C, 0xC6, 0x06, 0xC0, 0xD8, 0x1B, 0x03, 0x19, 0x83,
    0x31, 0x99, 0xB3, 0x30, 0x60, 0x6C, 0x0D, 0x81, 0xB0, 0x31, 0x98, 0x33, 0x01, 0x80, 0x30, 0x7F,
    0xEF, 0xFC, 0x18, 0x03, 0x07, 0xFE, 0xFF, 0xC1, 0x80, 0x30, 0x6D, 0xB6, 0xDB, 0x00, 0x06, 0xDB,
    0x6D, 0xB0, 0x1F, 0x83, 0xF1, 0x81, 0xB0, 0x37, 0x80, 0xF0, 0x07, 0xE0, 0xFC, 0x60, 0x6C, 0x0C,
    0x7E, 0x0F, 0xC0, 0x1E, 0x03, 0xD8, 0x1B, 0x03, 0x1F, 0x83, 0xF0, 0x66, 0xCC, 0x00, 0x1F, 0x83,
    0xF1, 0x81, 0xB0, 0x30, 0x00, 0x00, 0x01, 0x80, 0x30, 0x19, 0x83, 0x30, 0x60, 0x0C, 0x01, 0x80,
    0x30, 0x06, 0x60, 0xCC, 0x06, 0x00, 0xC0, 0x00, 0x00, 0x06, 0x06, 0xC0, 0xC7, 0xE0, 0xFC, 0x1F,
    0xE3, 0xFD, 0x81, 0xB0, 0x36, 0x06, 0xC0, 0xD8, 0x7B, 0x0F, 0x1E, 0x63, 0xCC, 0x00, 0x00, 0x0C,
    0x30, 0xC3, 0x30, 0xC3, 0x0C, 0xC3, 0x0C, 0x30, 0x30, 0xC3, 0x0C, 0x0C, 0x30, 0xC3, 0x00, 0x00,
    0x7F, 0xEF, 0xFC, 0x01, 0x80, 0x30, 0x06, 0x00, 0xC0, 0x00, 0x7E, 0xFC, 0x00, 0x1F, 0x83, 0xF1,
    0x81, 0xB0, 0x30, 0x00, 0x00, 0x07, 0x80, 0xF0, 0x19, 0x83, 0x30, 0x66, 0x0C, 0xC1, 0xE0, 0x3C,
    0x06, 0x60, 0xCC, 0x19, 0x83, 0x30, 0x00, 0x00, 0x06, 0x06, 0xC0, 0xC7, 0xE0, 0xFC, 0x7E, 0xFC,
    0x00, 0x18, 0x31, 0x9B, 0x31, 0x83, 0x00, 0x00, 0x06, 0x00, 0xC0, 0x18, 0x03, 0x07, 0xFE, 0xFF,
    0xC1, 0x80, 0x30, 0x06, 0x00, 0xC0, 0x00, 0x00, 0x07, 0xFE, 0xFF, 0xC0, 0x1F, 0x83, 0xF1, 0x81,
    0xB0, 0x30, 0x18, 0x03, 0x01, 0x80, 0x30, 0x18, 0x03, 0x01, 0xFF, 0xBF, 0xF0, 0x00, 0x1F, 0x83,
    0xF1, 0x81, 0xB0, 0x30, 0x78, 0x0F, 0x00, 0x18, 0x03, 0x60, 0x6C, 0x0C, 0x7E, 0x0F, 0xC0, 0x00,
    0x18, 0xD8, 0xC0, 0x00, 0x60, 0x6C, 0x0D, 0x81, 0xB0, 0x36, 0x06, 0xC0, 0xD8, 0x1B, 0x03, 0x61,
    0xEC, 0x3D, 0xF9, 0xBF, 0x36, 0x00, 0xC0, 0x18, 0x03, 0x00, 0x1F, 0xE3, 0xFD, 0xF9, 0xBF, 0x37,
    0xE6, 0xFC, 0xDF, 0x9B, 0xF3, 0x1E, 0x63, 0xCC, 0x01, 0x80, 0x30, 0x06, 0x00, 0xC0, 0x18, 0x03,
    0x6D, 0xB0, 0x63, 0x06, 0x36, 0x30, 0x18, 0x31, 0xE3, 0xC1, 0x83, 0x06, 0x0C, 0x18, 0x31, 0xFB,
    0xF0, 0x00, 0x1F, 0x83, 0xF1, 0x81, 0xB0, 0x36, 0x06, 0xC0, 0xD8, 0x1B, 0x03, 0x1F, 0x83, 0xF0,
    0x00, 0x00, 0x61, 0x83, 0x0C, 0x06, 0x18, 0x30, 0xC0, 0x61, 0x83, 0x0C, 0x61, 0x83, 0x0C, 0x61,
    0x83, 0x0C, 0x00, 0x00, 0x30, 0x00, 0xC0, 0x0F, 0x00, 0x3C, 0x00, 0x30, 0x00, 0xC0, 0x03, 0x00,
    0x0C, 0x00, 0xFC, 0x03, 0xF0, 0x00, 0x03, 0xC0, 0x0F, 0x0F, 0xC0, 0x3F, 0x0F, 0x00, 0x3C, 0x00,
    0x00, 0x3C, 0x00, 0xF0, 0x0C, 0xC0, 0x33, 0x03, 0x0C, 0x0C, 0x30, 0x3F, 0xC0, 0xFF, 0x00, 0x0C,
    0x00, 0x30, 0x30, 0x00, 0xC0, 0x0F, 0x00, 0x3C, 0x00, 0x30, 0x00, 0xC0, 0x03, 0x00, 0x0C, 0x00,
    0xFC, 0x03, 0xF0, 0x00, 0x03, 0xC0, 0x0F, 0x0F, 0xC0, 0x3F, 0x0F, 0x00, 0x3C, 0x00, 0x00, 0xF0,
    0x03, 0xC0, 0x30, 0xC0, 0xC3, 0x00, 0x30, 0x00, 0xC0, 0x0C, 0x00, 0x30, 0x03, 0xFC, 0x0F, 0xF0,
    0x3C, 0x00, 0xF0, 0x0C, 0x30, 0x30, 0xC0, 0x0C, 0x00, 0x30, 0x0C, 0x30, 0x30, 0xC0, 0x3C, 0x00,
    0xF0, 0x00, 0x03, 0xC0, 0x0F, 0x0F, 0xC0, 0x3F, 0x0F, 0x00, 0x3C, 0x00, 0x00, 0x3C, 0x00, 0xF0,
    0x0C, 0xC0, 0x33, 0x03, 0x0C, 0x0C, 0x30, 0x3F, 0xC0, 0xFF, 0x00, 0x0C, 0x00, 0x30, 0x06, 0x00,
    0xC0, 0x00, 0x00, 0x00, 0x60, 0x0C, 0x01, 0x80, 0x30, 0x18, 0x03, 0x01, 0x80, 0x30, 0x06, 0x06,
    0xC0, 0xC7, 0xE0, 0xFC, 0x18, 0x03, 0x00, 0x18, 0x03, 0x00, 0x00, 0x00, 0x01, 0x80, 0x30, 0x19,
    0x83, 0x31, 0x81, 0xB0, 0x36, 0x06, 0xC0, 0xDF, 0xFB, 0xFF, 0x60, 0x6C, 0x0D, 0x81, 0xB0, 0x36,
    0x06, 0xC0, 0xC0, 0x01, 0x80, 0x30, 0x18, 0x03, 0x00, 0x00, 0x00, 0x01, 0x80, 0x30, 0x19, 0x83,
    0x31, 0x81, 0xB0, 0x36, 0x06, 0xC0, 0xDF, 0xFB, 0xFF, 0x60, 0x6C, 0x0D, 0x81, 0xB0, 0x36, 0x06,
    0xC0, 0xC0, 0x06, 0x00, 0xC0, 0x66, 0x0C, 0xC0, 0x00, 0x00, 0x01, 0x80, 0x30, 0x19, 0x83, 0x31,
    0x81, 0xB0, 0x36, 0x06, 0xC0, 0xDF, 0xFB, 0xFF, 0x60, 0x6C, 0x0D, 0x81, 0xB0, 0x36, 0x06, 0xC0,
    0xC0, 0x06, 0x60, 0xCC, 0x66, 0x0C, 0xC0, 0x00, 0x00, 0x01, 0x80, 0x30, 0x19, 0x83, 0x31, 0x81,
    0xB0, 0x36, 0x06, 0xC0, 0xDF, 0xFB, 0xFF, 0x60, 0x6C, 0x0D, 0x81, 0xB0, 0x36, 0x06, 0xC0, 0xC0,
    0x19, 0x83, 0x30, 0x00, 0x00, 0x00, 0x60, 0x0C, 0x06, 0x60, 0xCC, 0x60, 0x6C, 0x0D, 0x81, 0xB0,
    0x37, 0xFE, 0xFF, 0xD8, 0x1B, 0x03, 0x60, 0x6C, 0x0D, 0x81, 0xB0, 0x30, 0x06, 0x00, 0xC0, 0x66,
    0x0C, 0xC0, 0x60, 0x0C, 0x01, 0x80, 0x30, 0x19, 0x83, 0x31, 0x81, 0xB0, 0x36, 0x06, 0xC0, 0xDF,
    0xFB, 0xFF, 0x60, 0x6C, 0x0D, 0x81, 0xB0, 0x36, 0x06, 0xC0, 0xC0, 0x0F, 0xFC, 0x3F, 0xF3, 0x30,
    0x0C, 0xC0, 0xC3, 0x03, 0x0C, 0x0C, 0x3F, 0x30, 0xFC, 0xFF, 0x03, 0xFC, 0x0C, 0x30, 0x30, 0xC0,
    0xC3, 0x03, 0x0C, 0x0C, 0x3F, 0xF0, 0xFF, 0x1F, 0x83, 0xF1, 0x81, 0xB0, 0x36, 0x00, 0xC0, 0x18,
    0x03, 0x00, 0x60, 0x0C, 0x01, 0x80, 0x30, 0x06, 0x06, 0xC0, 0xC7, 0xE0, 0xFC, 0x06, 0x00, 0xC0,
    0x06, 0x00, 0xC0, 0x60, 0x0C, 0x00, 0x18, 0x03, 0x00, 0x18, 0x03, 0x00, 0x00, 0x00, 0x1F, 0xFB,
    0xFF, 0x60, 0x0C, 0x01, 0x80, 0x30, 0x07, 0xF8, 0xFF, 0x18, 0x03, 0x00, 0x60, 0x0C, 0x01, 0x80,
    0x30, 0x07, 0xFE, 0xFF, 0xC0, 0x01, 0x80, 0x30, 0x18, 0x03, 0x00, 0x00, 0x00, 0x1F, 0xFB, 0xFF,
    0x60, 0x0C, 0x01, 0x80, 0x30, 0x07, 0xF8, 0xFF, 0x18, 0x03, 0x00, 0x60, 0x0C, 0x01, 0x80, 0x30,
    0x07, 0xFE, 0xFF, 0xC0, 0x06, 0x00, 0xC0, 0x66, 0x0C, 0xC0, 0x00, 0x00, 0x1F, 0xFB, 0xFF, 0x60,
    0x0C, 0x01, 0x80, 0x30, 0x07, 0xF8, 0xFF, 0x18, 0x03, 0x00, 0x60, 0x0C, 0x01, 0x80, 0x30, 0x07,
    0xFE, 0xFF, 0xC0, 0x19, 0x83, 0x30, 0x00, 0x00, 0x07, 0xFE, 0xFF, 0xD8, 0x03, 0x00, 0x60, 0x0C,
    0x01, 0xFE, 0x3F, 0xC6, 0x00, 0xC0, 0x18, 0x03, 0x00, 0x60, 0x0C, 0x01, 0xFF, 0xBF, 0xF0, 0x18,
    0x03, 0x00, 0x18, 0x03, 0x00, 0x00, 0x00, 0x1F, 0xFB, 0xFF, 0x06, 0x00, 0xC0, 0x18, 0x03, 0x00,
    0x60, 0x0C, 0x01, 0x80, 0x30, 0x06, 0x00, 0xC0, 0x18, 0x03, 0x07, 0xFE, 0xFF, 0xC0, 0x01, 0x80,
    0x30, 0x18, 0x03, 0x00, 0x00, 0x00, 0x1F, 0xFB, 0xFF, 0x06, 0x00, 0xC0, 0x18, 0x03, 0x00, 0x60,
    0x0C, 0x01, 0x80, 0x30, 0x06, 0x00, 0xC0, 0x18, 0x03, 0x07, 0xFE, 0xFF, 0xC0, 0x06, 0x00, 0xC0,
    0x66, 0x0C, 0xC0, 0x00, 0x00, 0x1F, 0xFB, 0xFF, 0x06, 0x00, 0xC0, 0x18, 0x03, 0x00, 0x60, 0x0C,
    0x01, 0x80, 0x30, 0x06, 0x00, 0xC0, 0x18, 0x03, 0x07, 0xFE, 0xFF, 0xC0, 0x19, 0x83, 0x30, 0x00,
    0x00, 0x07, 0xFE, 0xFF, 0xC1, 0x80, 0x30, 0x06, 0x00, 0xC0, 0x18, 0x03, 0x00, 0x60, 0x0C, 0x01,
    0x80, 0x30, 0x06, 0x00, 0xC1, 0xFF, 0xBF, 0xF0, 0x3F, 0xC3, 0xFC, 0x30, 0x33, 0x03, 0x30, 0x33,
    0x03, 0xFF, 0x3F, 0xF3, 0x30, 0x33, 0x03, 0x30, 0x33, 0x03, 0x30, 0x33, 0x03, 0x3F, 0xC3, 0xFC,
    0x06, 0x60, 0xCC, 0x66, 0x0C, 0xC0, 0x00, 0x00, 0x18, 0x1B, 0x03, 0x60, 0x6C, 0x0D, 0xE1, 0xBC,
    0x36, 0x66, 0xCC, 0xD8, 0x7B, 0x0F, 0x60, 0x6C, 0x0D, 0x81, 0xB0, 0x36, 0x06, 0xC0, 0xC0, 0x18,
    0x03, 0x00, 0x18, 0x03, 0x00, 0x00, 0x00, 0x07, 0xE0, 0xFC, 0x60, 0x6C, 0x0D, 0x81, 0xB0, 0x36,
    0x06, 0xC0, 0xD8, 0x1B, 0x03, 0x60, 0x6C, 0x0D, 0x81, 0xB0, 0x31, 0xF8, 0x3F, 0x00, 0x01, 0x80,
    0x30, 0x18, 0x03, 0x00, 0x00, 0x00, 0x07, 0xE0, 0xFC, 0x60, 0x6C, 0x0D, 0x81, 0xB0, 0x36, 0x06,
    0xC0, 0xD8, 0x1B, 0x03, 0x60, 0x6C, 0x0D, 0x81, 0xB0, 0x31, 0xF8, 0x3F, 0x00, 0x06, 0x00, 0xC0,
    0x66, 0x0C, 0xC0, 0x00, 0x00, 0x07, 0xE0, 0xFC, 0x60, 0x6C, 0x0D, 0x81, 0xB0, 0x36, 0x06, 0xC0,
    0xD8, 0x1B, 0x03, 0x60, 0x6C, 0x0D, 0x81, 0xB0, 0x31, 0xF8, 0x3F, 0x00, 0x06, 0x60, 0xCC, 0x66,
    0x0C, 0xC0, 0x00, 0x00, 0x07, 0xE0, 0xFC, 0x60, 0x6C, 0x0D, 0x81, 0xB0, 0x36, 0x06, 0xC0, 0xD8,
    0x1B, 0x03, 0x60, 0x6C, 0x0D, 0x81, 0xB0, 0x31, 0xF8, 0x3F, 0x00, 0x19, 0x83, 0x30, 0x00, 0x00,
    0x01, 0xF8, 0x3F, 0x18, 0x1B, 0x03, 0x60, 0x6C, 0x0D, 0x81, 0xB0, 0x36, 0x06, 0xC0, 0xD8, 0x1B,
    0x03, 0x60, 0x6C, 0x0C, 0x7E, 0x0F, 0xC0, 0x60, 0x6C, 0x0C, 0x66, 0x0C, 0xC0, 0x60, 0x0C, 0x06,
    0x60, 0xCC, 0x60, 0x6C, 0x0C, 0x00, 0x00, 0x0F, 0xCC, 0x3F, 0x33, 0x03, 0x0C, 0x0C, 0x30, 0xF0,
    0xC3, 0xC3, 0x33, 0x0C, 0xCC, 0x3C, 0x30, 0xF0, 0xC3, 0x03, 0x0C, 0x0C, 0xF0, 0x33, 0xC0, 0xC0,
    0xFC, 0x03, 0xF0, 0x18, 0x03, 0x00, 0x18, 0x03, 0x00, 0x00, 0x00, 0x18, 0x1B, 0x03, 0x60, 0x6C,
    0x0D, 0x81, 0xB0, 0x36, 0x06, 0xC0, 0xD8, 0x1B, 0x03, 0x60, 0x6C, 0x0D, 0x81, 0xB0, 0x31, 0xF8,
    0x3F, 0x00, 0x01, 0x80, 0x30, 0x18, 0x03, 0x00, 0x00, 0x00, 0x18, 0x1B, 0x03, 0x60, 0x6C, 0x0D,
    0x81, 0xB0, 0x36, 0x06, 0xC0, 0xD8, 0x1B, 0x03, 0x60, 0x6C, 0x0D, 0x81, 0xB0, 0x31, 0xF8, 0x3F,
    0x00, 0x06, 0x00, 0xC0, 0x66, 0x0C, 0xC0, 0x00, 0x00, 0x18, 0x1B, 0x03, 0x60, 0x6C, 0x0D, 0x81,
    0xB0, 0x36, 0x06, 0xC0, 0xD8, 0x1B, 0x03, 0x60, 0x6C, 0x0D, 0x81, 0xB0, 0x31, 0xF8, 0x3F, 0x00,
    0x19, 0x83, 0x30, 0x00, 0x00, 0x06, 0x06, 0xC0, 0xD8, 0x1B, 0x03, 0x60, 0x6C, 0x0D, 0x81, 0xB0,
    0x36, 0x06, 0xC0, 0xD8, 0x1B, 0x03, 0x60, 0x6C, 0x0C, 0x7E, 0x0F, 0xC0, 0x01, 0x80, 0x30, 0x18,
    0x03, 0x00, 0x00, 0x00, 0x18, 0x1B, 0x03, 0x60, 0x6C, 0x0D, 0x81, 0xB0, 0x31, 0x98, 0x33, 0x01,
    0x80, 0x30, 0x06, 0x00, 0xC0, 0x18, 0x03, 0x00, 0x60, 0x0C, 0x00, 0x60, 0x0C, 0x01, 0xFE, 0x3F,
    0xC6, 0x06, 0xC0, 0xD8, 0x1B, 0x03, 0x60, 0x6C, 0x0D, 0xFE, 0x3F, 0xC6, 0x00, 0xC0, 0x18, 0x03,
    0x00, 0x1E, 0x03, 0xC1, 0x86, 0x30, 0xC6, 0x18, 0xC3, 0x18, 0x63, 0x0C, 0x60, 0x6C, 0x0D, 0x81,
    0xB0, 0x36, 0x06, 0xC0, 0xD9, 0xE3, 0x3C, 0x60, 0x0C, 0x01, 0x80, 0x30, 0x00, 0x18, 0x03, 0x00,
    0x18, 0x03, 0x00, 0x00, 0x00, 0x07, 0xE0, 0xFC, 0x00, 0x60, 0x0C, 0x7F, 0x8F, 0xF6, 0x06, 0xC0,
    0xD8, 0x7B, 0x0F, 0x1E, 0x63, 0xCC, 0x01, 0x80, 0x30, 0x18, 0x03, 0x00, 0x00, 0x00, 0x07, 0xE0,
    0xFC, 0x00, 0x60, 0x0C, 0x7F, 0x8F, 0xF6, 0x06, 0xC0, 0xD8, 0x7B, 0x0F, 0x1E, 0x63, 0xCC, 0x06,
    0x00, 0xC0, 0x66, 0x0C, 0xC0, 0x00, 0x00, 0x07, 0xE0, 0xFC, 0x00, 0x60, 0x0C, 0x7F, 0x8F, 0xF6,
    0x06, 0xC0, 0xD8, 0x7B, 0x0F, 0x1E, 0x63, 0xCC, 0x06, 0x60, 0xCC, 0x66, 0x0C, 0xC0, 0x00, 0x00,
    0x07, 0xE0, 0xFC, 0x00, 0x60, 0x0C, 0x7F, 0x8F, 0xF6, 0x06, 0xC0, 0xD8, 0x7B, 0x0F, 0x1E, 0x63,
    0xCC, 0x19, 0x83, 0x30, 0x00, 0x00, 0x01, 0xF8, 0x3F, 0x00, 0x18, 0x03, 0x1F, 0xE3, 0xFD, 0x81,
    0xB0, 0x36, 0x1E, 0xC3, 0xC7, 0x98, 0xF3, 0x06, 0x00, 0xC0, 0x66, 0x0C, 0xC0, 0x60, 0x0C, 0x00,
    0x00, 0x00, 0x1F, 0x83, 0xF0, 0x01, 0x80, 0x31, 0xFE, 0x3F, 0xD8, 0x1B, 0x03, 0x61, 0xEC, 0x3C,
    0x79, 0x8F, 0x30, 0x3C, 0xF0, 0xF3, 0xC0, 0x30, 0xC0, 0xC3, 0x3F, 0xFC, 0xFF, 0xFC, 0x30, 0x30,
    0xC0, 0xC3, 0x0F, 0x0C, 0x33, 0xCF, 0x0F, 0x3C, 0x1F, 0x83, 0xF1, 0x81, 0xB0, 0x36, 0x00, 0xC0,
    0x18, 0x03, 0x00, 0x60, 0x6C, 0x0C, 0x7E, 0x0F, 0xC0, 0x60, 0x0C, 0x00, 0x60, 0x0C, 0x06, 0x00,
    0xC0, 0x18, 0x03, 0x00, 0x18, 0x03, 0x00, 0x00, 0x00, 0x07, 0xE0, 0xFC, 0x60, 0x6C, 0x0D, 0xFF,
    0xBF, 0xF6, 0x00, 0xC0, 0x18, 0x1B, 0x03, 0x1F, 0x83, 0xF0, 0x01, 0x80, 0x30, 0x18, 0x03, 0x00,
    0x00, 0x00, 0x07, 0xE0, 0xFC, 0x60, 0x6C, 0x0D, 0xFF, 0xBF, 0xF6, 0x00, 0xC0, 0x18, 0x1B, 0x03,
    0x1F, 0x83, 0xF0, 0x06, 0x00, 0xC0, 0x66, 0x0C, 0xC0, 0x00, 0x00, 0x07, 0xE0, 0xFC, 0x60, 0x6C,
    0x0D, 0xFF, 0xBF, 0xF6, 0x00, 0xC0, 0x18, 0x1B, 0x03, 0x1F, 0x83, 0xF0, 0x19, 0x83, 0x30, 0x00,
    0x00, 0x01, 0xF8, 0x3F, 0x18, 0x1B, 0x03, 0x7F, 0xEF, 0xFD, 0x80, 0x30, 0x06, 0x06, 0xC0, 0xC7,
    0xE0, 0xFC, 0x18, 0x03, 0x00, 0x18, 0x03, 0x00, 0x00, 0x00, 0x1F, 0x83, 0xF0, 0x06, 0x00, 0xC0,
    0x18, 0x03, 0x00, 0x60, 0x0C, 0x01, 0x80, 0x30, 0x7F, 0xEF, 0xFC, 0x01, 0x80, 0x30, 0x18, 0x03,
    0x00, 0x00, 0x00, 0x1F, 0x83, 0xF0, 0x06, 0x00, 0xC0, 0x18, 0x03, 0x00, 0x60, 0x0C, 0x01, 0x80,
    0x30, 0x7F, 0xEF, 0xFC, 0x06, 0x00, 0xC0, 0x66, 0x0C, 0xC0, 0x00, 0x00, 0x1F, 0x83, 0xF0, 0x06,
    0x00, 0xC0, 0x18, 0x03, 0x00, 0x60, 0x0C, 0x01, 0x80, 0x30, 0x7F, 0xEF, 0xFC, 0x19, 0x83, 0x30,
    0x00, 0x00, 0x07, 0xE0, 0xFC, 0x01, 0x80, 0x30, 0x06, 0x00, 0xC0, 0x18, 0x03, 0x00, 0x60, 0x0C,
    0x1F, 0xFB, 0xFF, 0x1E, 0x63, 0xCC, 0x06, 0x00, 0xC1, 0xE6, 0x3C, 0xD8, 0x7B, 0x0F, 0x60, 0x6C,
    0x0D, 0x81, 0xB0, 0x36, 0x06, 0xC0, 0xC7, 0xE0, 0xFC, 0x06, 0x60, 0xCC, 0x66, 0x0C, 0xC0, 0x00,
    0x00, 0x19, 0xE3, 0x3C, 0x78, 0x6F, 0x0D, 0x81, 0xB0, 0x36, 0x06, 0xC0, 0xD8, 0x1B, 0x03, 0x60,
    0x6C, 0x0C, 0x18, 0x03, 0x00, 0x18, 0x03, 0x00, 0x00, 0x00, 0x07, 0xE0, 0xFC, 0x60, 0x6C, 0x0D,
    0x81, 0xB0, 0x36, 0x06, 0xC0, 0xD8, 0x1B, 0x03, 0x1F, 0x83, 0xF0, 0x01, 0x80, 0x30, 0x18, 0x03,
    0x00, 0x00, 0x00, 0x07, 0xE0, 0xFC, 0x60, 0x6C, 0x0D, 0x81, 0xB0, 0x36, 0x06, 0xC0, 0xD8, 0x1B,
    0x03, 0x1F, 0x83, 0xF0, 0x06, 0x00, 0xC0, 0x66, 0x0C, 0xC0, 0x00, 0x00, 0x07, 0xE0, 0xFC, 0x60,
    0x6C, 0x0D, 0x81, 0xB0, 0x36, 0x06, 0xC0, 0xD8, 0x1B, 0x03, 0x1F, 0x83, 0xF0, 0x06, 0x60, 0xCC,
    0x66, 0x0C, 0xC0, 0x00, 0x00, 0x07, 0xE0, 0xFC, 0x60, 0x6C, 0x0D, 0x81, 0xB0, 0x36, 0x06, 0xC0,
    0xD8, 0x1B, 0x03, 0x1F, 0x83, 0xF0, 0x19, 0x83, 0x30, 0x00, 0x00, 0x01, 0xF8, 0x3F, 0x18, 0x1B,
    0x03, 0x60, 0x6C, 0x0D, 0x81, 0xB0, 0x36, 0x06, 0xC0, 0xC7, 0xE0, 0xFC, 0x06, 0x00, 0xC0, 0x00,
    0x00, 0x07, 0xFE, 0xFF, 0xC0, 0x00, 0x00, 0x06, 0x00, 0xC0, 0x00, 0x00, 0x0F, 0xCC, 0x3F, 0x33,
    0x03, 0x0C, 0x0C, 0x30, 0xF0, 0xC3, 0xC3, 0x33, 0x0C, 0xCC, 0x3C, 0x30, 0xF0, 0xC3, 0xFC, 0x0F,
    0xF0, 0xC0, 0x03, 0x00, 0x00, 0x18, 0x03, 0x00, 0x18, 0x03, 0x00, 0x00, 0x00, 0x18, 0x1B, 0x03,
    0x60, 0x6C, 0x0D, 0x81, 0xB0, 0x36, 0x06, 0xC0, 0xD8, 0x7B, 0x0F, 0x1E, 0x63, 0xCC, 0x01, 0x80,
    0x30, 0x18, 0x03, 0x00, 0x00, 0x00, 0x18, 0x1B, 0x03, 0x60, 0x6C, 0x0D, 0x81, 0xB0, 0x36, 0x06,
    0xC0, 0xD8, 0x7B, 0x0F, 0x1E, 0x63, 0xCC, 0x06, 0x00, 0xC0, 0x66, 0x0C, 0xC0, 0x00, 0x00, 0x18,
    0x1B, 0x03, 0x60, 0x6C, 0x0D, 0x81, 0xB0, 0x36, 0x06, 0xC0, 0xD8, 0x7B, 0x0F, 0x1E, 0x63, 0xCC,
    0x19, 0x83, 0x30, 0x00, 0x00, 0x06, 0x06, 0xC0, 0xD8, 0x1B, 0x03, 0x60, 0x6C, 0x0D, 0x81, 0xB0,
    0x36, 0x1E, 0xC3, 0xC7, 0x98, 0xF3, 0x01, 0x80, 0x30, 0x18, 0x03, 0x00, 0x00, 0x00, 0x18, 0x1B,
    0x03, 0x60, 0x6C, 0x0D, 0x81, 0xB0, 0x31, 0x98, 0x33, 0x06, 0x60, 0xCC, 0x06, 0x00, 0xC0, 0x18,
    0x03, 0x07, 0x80, 0xF0, 0x00, 0x60, 0x0C, 0x01, 0x80, 0x30, 0x06, 0x78, 0xCF, 0x1E, 0x1B, 0xC3,
    0x60, 0x6C, 0x0D, 0x81, 0xB0, 0x37, 0x86, 0xF0, 0xD9, 0xE3, 0x3C, 0x60, 0x0C, 0x01, 0x80, 0x30,
    0x00, 0x19, 0x83, 0x30, 0x00, 0x00, 0x06, 0x06, 0xC0, 0xD8, 0x1B, 0x03, 0x60, 0x6C, 0x0C, 0x66,
    0x0C, 0xC1, 0x98, 0x33, 0x01, 0x80, 0x30, 0x06, 0x00, 0xC1, 0xE0, 0x3C, 0x00, 0x1F, 0x83, 0xF0,
    0x00, 0x00, 0x00, 0x60, 0x0C, 0x06, 0x60, 0xCC, 0x60, 0x6C, 0x0D, 0x81, 0xB0, 0x37, 0xFE, 0xFF,
    0xD8, 0x1B, 0x03, 0x60, 0x6C, 0x0D, 0x81, 0xB0, 0x30, 0x1F, 0x83, 0xF0, 0x00, 0x00, 0x01, 0xF8,
    0x3F, 0x00, 0x18, 0x03, 0x1F, 0xE3, 0xFD, 0x81, 0xB0, 0x36, 0x1E, 0xC3, 0xC7, 0x98, 0xF3, 0x60,
    0x6C, 0x0C, 0x7E, 0x0F, 0xC0, 0x00, 0x00, 0x01, 0x80, 0x30, 0x19, 0x83, 0x31, 0x81, 0xB0, 0x36,
    0x06, 0xC0, 0xDF, 0xFB, 0xFF, 0x60, 0x6C, 0x0D, 0x81, 0xB0, 0x36, 0x06, 0xC0, 0xC0, 0x60, 0x6C,
    0x0C, 0x7E, 0x0F, 0xC0, 0x00, 0x00, 0x07, 0xE0, 0xFC, 0x00, 0x60, 0x0C, 0x7F, 0x8F, 0xF6, 0x06,
    0xC0, 0xD8, 0x7B, 0x0F, 0x1E, 0x63, 0xCC, 0x06, 0x00, 0xC0, 0x66, 0x0C, 0xC6, 0x06, 0xC0, 0xD8,
    0x1B, 0x03, 0x7F, 0xEF, 0xFD, 0x81, 0xB0, 0x36, 0x06, 0xC0, 0xD8, 0x1B, 0x03, 0x00, 0x60, 0x0C,
    0x06, 0x00, 0xC0, 0x06, 0x00, 0xC0, 0x1F, 0x83, 0xF0, 0x01, 0x80, 0x31, 0xFE, 0x3F, 0xD8, 0x1B,
    0x03, 0x61, 0xEC, 0x3C, 0x79, 0x8F, 0x30, 0x06, 0x00, 0xC0, 0x60, 0x0C, 0x00, 0x60, 0x0C, 0x01,
    0x80, 0x30, 0x18, 0x03, 0x00, 0x00, 0x00, 0x07, 0xE0, 0xFC, 0x60, 0x6C, 0x0D, 0x80, 0x30, 0x06,
    0x00, 0xC0, 0x18, 0x03, 0x00, 0x60, 0x0C, 0x01, 0x81, 0xB0, 0x31, 0xF8, 0x3F, 0x00, 0x01, 0x80,
    0x30, 0x18, 0x03, 0x00, 0x00, 0x00, 0x07, 0xE0, 0xFC, 0x60, 0x6C, 0x0D, 0x80, 0x30, 0x06, 0x00,
    0xC0, 0x18, 0x1B, 0x03, 0x1F, 0x83, 0xF0, 0x06, 0x00, 0xC0, 0x66, 0x0C, 0xC0, 0x00, 0x00, 0x07,
    0xE0, 0xFC, 0x60, 0x6C, 0x0D, 0x80, 0x30, 0x06, 0x00, 0xC0, 0x18, 0x03, 0x00, 0x60, 0x0C, 0x01,
    0x81, 0xB0, 0x31, 0xF8, 0x3F, 0x00, 0x06, 0x00, 0xC0, 0x66, 0x0C, 0xC0, 0x00, 0x00, 0x07, 0xE0,
    0xFC, 0x60, 0x6C, 0x0D, 0x80, 0x30, 0x06, 0x00, 0xC0, 0x18, 0x1B, 0x03, 0x1F, 0x83, 0xF0, 0x06,
    0x00, 0xC0, 0x00, 0x00, 0x01, 0xF8, 0x3F, 0x18, 0x1B, 0x03, 0x60, 0x0C, 0x01, 0x80, 0x30, 0x06,
    0x00, 0xC0, 0x18, 0x03, 0x00, 0x60, 0x6C, 0x0C, 0x7E, 0x0F, 0xC0, 0x06, 0x00, 0xC0, 0x00, 0x00,
    0x01, 0xF8, 0x3F, 0x18, 0x1B, 0x03, 0x60, 0x0C, 0x01, 0x80, 0x30, 0x06, 0x06, 0xC0, 0xC7, 0xE0,
    0xFC, 0x19, 0x83, 0x30, 0x18, 0x03, 0x00, 0x00, 0x00, 0x07, 0xE0, 0xFC, 0x60, 0x6C, 0x0D, 0x80,
    0x30, 0x06, 0x00, 0xC0, 0x18, 0x03, 0x00, 0x60, 0x0C, 0x01, 0x81, 0xB0, 0x31, 0xF8, 0x3F, 0x00,
    0x19, 0x83, 0x30, 0x18, 0x03, 0x00, 0x00, 0x00, 0x07, 0xE0, 0xFC, 0x60, 0x6C, 0x0D, 0x80, 0x30,
    0x06, 0x00, 0xC0, 0x18, 0x1B, 0x03, 0x1F, 0x83, 0xF0, 0x19, 0x83, 0x30, 0x18, 0x03, 0x00, 0x00,
    0x00, 0x1F, 0xE3, 0xFC, 0x60, 0x6C, 0x0D, 0x81, 0xB0, 0x36, 0x06, 0xC0, 0xD8, 0x1B, 0x03, 0x60,
    0x6C, 0x0D, 0x81, 0xB0, 0x37, 0xF8, 0xFF, 0x00, 0x00, 0xCC, 0x03, 0x30, 0x0F, 0x00, 0x3C, 0x3C,
    0xC0, 0xF3, 0x0C, 0x3C, 0x30, 0xF0, 0xC0, 0xC3, 0x03, 0x0C, 0x0C, 0x30, 0x30, 0xC3, 0xC3, 0x0F,
    0x03, 0xCC, 0x0F, 0x30, 0x3F, 0xC3, 0xFC, 0x30, 0x33, 0x03, 0x30, 0x33, 0x03, 0xFF, 0x3F, 0xF3,
    0x30, 0x33, 0x03, 0x30, 0x33, 0x03, 0x30, 0x33, 0x03, 0x3F, 0xC3, 0xFC, 0x07, 0xF8, 0x3F, 0xC0,
    0x18, 0x00, 0xC1, 0xE6, 0x0F, 0x31, 0x87, 0x8C, 0x3C, 0x60, 0x63, 0x03, 0x18, 0x18, 0xC0, 0xC6,
    0x1E, 0x30, 0xF0, 0x79, 0x83, 0xCC, 0x1F, 0x83, 0xF0, 0x00, 0x00, 0x07, 0xFE, 0xFF, 0xD8, 0x03,
    0x00, 0x60, 0x0C, 0x01, 0xFE, 0x3F, 0xC6, 0x00, 0xC0, 0x18, 0x03, 0x00, 0x60, 0x0C, 0x01, 0xFF,
    0xBF, 0xF0, 0x1F, 0x83, 0xF0, 0x00, 0x00, 0x01, 0xF8, 0x3F, 0x18, 0x1B, 0x03, 0x7F, 0xEF, 0xFD,
    0x80, 0x30, 0x06, 0x06, 0xC0, 0xC7, 0xE0, 0xFC, 0x60, 0x6C, 0x0C, 0x7E, 0x0F, 0xC0, 0x00, 0x00,
    0x1F, 0xFB, 0xFF, 0x60, 0x0C, 0x01, 0x80, 0x30, 0x07, 0xF8, 0xFF, 0x18, 0x03, 0x00, 0x60, 0x0C,
    0x01, 0x80, 0x30, 0x07, 0xFE, 0xFF, 0xC0, 0x60, 0x6C, 0x0C, 0x7E, 0x0F, 0xC0, 0x00, 0x00, 0x07,
    0xE0, 0xFC, 0x60, 0x6C, 0x0D, 0xFF, 0xBF, 0xF6, 0x00, 0xC0, 0x18, 0x1B, 0x03, 0x1F, 0x83, 0xF0,
    0x06, 0x00, 0xC0, 0x00, 0x00, 0x07, 0xFE, 0xFF, 0xD8, 0x03, 0x00, 0x60, 0x0C, 0x01, 0xFE, 0x3F,
    0xC6, 0x00, 0xC0, 0x18, 0x03, 0x00, 0x60, 0x0C, 0x01, 0xFF, 0xBF, 0xF0, 0x06, 0x00, 0xC0, 0x00,
    0x00, 0x01, 0xF8, 0x3F, 0x18, 0x1B, 0x03, 0x7F, 0xEF, 0xFD, 0x80, 0x30, 0x06, 0x06, 0xC0, 0xC7,
    0xE0, 0xFC, 0x7F, 0xEF, 0xFD, 0x80, 0x30, 0x06, 0x00, 0xC0, 0x1F, 0xE3, 0xFC, 0x60, 0x0C, 0x01,
    0x80, 0x30, 0x06, 0x00, 0xC0, 0x1F, 0xFB, 0xFF, 0x00, 0x60, 0x0C, 0x06, 0x00, 0xC0, 0x06, 0x00,
    0xC0, 0x1F, 0x83, 0xF1, 0x81, 0xB0, 0x37, 0xFE, 0xFF, 0xD8, 0x03, 0x00, 0x60, 0x6C, 0x0C, 0x7E,
    0x0F, 0xC0, 0x60, 0x0C, 0x06, 0x00, 0xC0, 0x06, 0x00, 0xC0, 0x19, 0x83, 0x30, 0x18, 0x03, 0x00,
    0x00, 0x00, 0x1F, 0xFB, 0xFF, 0x60, 0x0C, 0x01, 0x80, 0x30, 0x07, 0xF8, 0xFF, 0x18, 0x03, 0x00,
    0x60, 0x0C, 0x01, 0x80, 0x30, 0x07, 0xFE, 0xFF, 0xC0, 0x19, 0x83, 0x30, 0x18, 0x03, 0x00, 0x00,
    0x00, 0x07, 0xE0, 0xFC, 0x60, 0x6C, 0x0D, 0xFF, 0xBF, 0xF6, 0x00, 0xC0, 0x18, 0x1B, 0x03, 0x1F,
    0x83, 0xF0, 0x06, 0x00, 0xC0, 0x66, 0x0C, 0xC0, 0x00, 0x00, 0x07, 0xE0, 0xFC, 0x60, 0x6C, 0x0D,
    0x80, 0x30, 0x06, 0x00, 0xC0, 0x18, 0x7B, 0x0F, 0x60, 0x6C, 0x0D, 0x81, 0xB0, 0x31, 0xF8, 0x3F,
    0x00, 0x06, 0x00, 0xC0, 0x66, 0x0C, 0xC0, 0x00, 0x00, 0x07, 0x98, 0xF3, 0x61, 0xEC, 0x3D, 0x81,
    0xB0, 0x36, 0x06, 0xC0, 0xD8, 0x7B, 0x0F, 0x1E, 0x63, 0xCC, 0x01, 0x80, 0x31, 0xF8, 0x3F, 0x00,
    0x60, 0x6C, 0x0C, 0x7E, 0x0F, 0xC0, 0x00, 0x00, 0x07, 0xE0, 0xFC, 0x60, 0x6C, 0x0D, 0x80, 0x30,
    0x06, 0x00, 0xC0, 0x18, 0x7B, 0x0F, 0x60, 0x6C, 0x0D, 0x81, 0xB0, 0x31, 0xF8, 0x3F, 0x00, 0x60,
    0x6C, 0x0C, 0x7E, 0x0F, 0xC0, 0x00, 0x00, 0x07, 0x98, 0xF3, 0x61, 0xEC, 0x3D, 0x81, 0xB0, 0x36,
    0x06, 0xC0, 0xD8, 0x7B, 0x0F, 0x1E, 0x63, 0xCC, 0x01, 0x80, 0x31, 0xF8, 0x3F, 0x00, 0x06, 0x00,
    0xC0, 0x00, 0x00, 0x01, 0xF8, 0x3F, 0x18, 0x1B, 0x03, 0x60, 0x0C, 0x01, 0x80, 0x30, 0x06, 0x1E,
    0xC3, 0xD8, 0x1B, 0x03, 0x60, 0x6C, 0x0C, 0x7E, 0x0F, 0xC0, 0x06, 0x00, 0xC0, 0x00, 0x00, 0x01,
    0xE6, 0x3C, 0xD8, 0x7B, 0x0F, 0x60, 0x6C, 0x0D, 0x81, 0xB0, 0x36, 0x1E, 0xC3, 0xC7, 0x98, 0xF3,
    0x00, 0x60, 0x0C, 0x7E, 0x0F, 0xC0, 0x1F, 0x83, 0xF1, 0x81, 0xB0, 0x36, 0x00, 0xC0, 0x18, 0x03,
    0x00, 0x61, 0xEC, 0x3D, 0x81, 0xB0, 0x36, 0x06, 0xC0, 0xC7, 0xE0, 0xFC, 0x00, 0x00, 0x00, 0x18,
    0x03, 0x01, 0x80, 0x30, 0x00, 0x01, 0x80, 0x30, 0x18, 0x03, 0x00, 0x00, 0x00, 0x07, 0x98, 0xF3,
    0x61, 0xEC, 0x3D, 0x81, 0xB0, 0x36, 0x06, 0xC0, 0xD8, 0x7B, 0x0F, 0x1E, 0x63, 0xCC, 0x01, 0x80,
    0x31, 0xF8, 0x3F, 0x00, 0x06, 0x00, 0xC0, 0x66, 0x0C, 0xC0, 0x00, 0x00, 0x18, 0x1B, 0x03, 0x60,
    0x6C, 0x0D, 0x81, 0xB0, 0x37, 0xFE, 0xFF, 0xD8, 0x1B, 0x03, 0x60, 0x6C, 0x0D, 0x81, 0xB0, 0x36,
    0x06, 0xC0, 0xC0, 0x30, 0x03, 0x00, 0xCC, 0x0C, 0xC0, 0x00, 0x00, 0x00, 0x30, 0x03, 0x00, 0x30,
    0x03, 0x00, 0x33, 0xC3, 0x3C, 0x3C, 0x33, 0xC3, 0x30, 0x33, 0x03, 0x30, 0x33, 0x03, 0x30, 0x33,
    0x03, 0x30, 0x33, 0x03, 0x30, 0x30, 0xC0, 0xCF, 0xFF, 0xFF, 0xFF, 0x30, 0x30, 0xC0, 0xC3, 0xFF,
    0x0F, 0xFC, 0x30, 0x30, 0xC0, 0xC3, 0x03, 0x0C, 0x0C, 0x30, 0x30, 0xC0, 0xC3, 0x03, 0x0C, 0x0C,
    0xFF, 0x0F, 0xF0, 0x30, 0x03, 0x00, 0x33, 0xC3, 0x3C, 0x3C, 0x33, 0xC3, 0x30, 0x33, 0x03, 0x30,
    0x33, 0x03, 0x30, 0x33, 0x03, 0x30, 0x33, 0x03, 0x06, 0x60, 0xCC, 0x66, 0x0C, 0xC0, 0x00, 0x00,
    0x1F, 0xFB, 0xFF, 0x06, 0x00, 0xC0, 0x18, 0x03, 0x00, 0x60, 0x0C, 0x01, 0x80, 0x30, 0x06, 0x00,
    0xC0, 0x18, 0x03, 0x07, 0xFE, 0xFF, 0xC0, 0x19, 0x83, 0x31, 0x98, 0x33, 0x00, 0x00, 0x00, 0x1F,
    0x83, 0xF0, 0x06, 0x00, 0xC0, 0x18, 0x03, 0x00, 0x60, 0x0C, 0x01, 0x80, 0x30, 0x7F, 0xEF, 0xFC,
    0x1F, 0x83, 0xF0, 0x00, 0x00, 0x07, 0xFE, 0xFF, 0xC1, 0x80, 0x30, 0x06, 0x00, 0xC0, 0x18, 0x03,
    0x00, 0x60, 0x0C, 0x01, 0x80, 0x30, 0x06, 0x00, 0xC1, 0xFF, 0xBF, 0xF0, 0x1F, 0x83, 0xF0, 0x00,
    0x00, 0x07, 0xE0, 0xFC, 0x01, 0x80, 0x30, 0x06, 0x00, 0xC0, 0x18, 0x03, 0x00, 0x60, 0x0C, 0x1F,
    0xFB, 0xFF, 0x60, 0x6C, 0x0C, 0x7E, 0x0F, 0xC0, 0x00, 0x00, 0x1F, 0xFB, 0xFF, 0x06, 0x00, 0xC0,
    0x18, 0x03, 0x00, 0x60, 0x0C, 0x01, 0x80, 0x30, 0x06, 0x00, 0xC0, 0x18, 0x03, 0x07, 0xFE, 0xFF,
    0xC0, 0x60, 0x6C, 0x0C, 0x7E, 0x0F, 0xC0, 0x00, 0x00, 0x1F, 0x83, 0xF0, 0x06, 0x00, 0xC0, 0x18,
    0x03, 0x00, 0x60, 0x0C, 0x01, 0x80, 0x30, 0x7F, 0xEF, 0xFC, 0x7F, 0xEF, 0xFC, 0x18, 0x03, 0x00,
    0x60, 0x0C, 0x01, 0x80, 0x30, 0x06, 0x00, 0xC0, 0x18, 0x03, 0x00, 0x60, 0x0C, 0x1F, 0xFB, 0xFF,
    0x06, 0x00, 0xC0, 0x60, 0x0C, 0x00, 0x60, 0x0C, 0x00, 0x7E, 0x0F, 0xC0, 0x18, 0x03, 0x00, 0x60,
    0x0C, 0x01, 0x80, 0x30, 0x06, 0x00, 0xC1, 0xFF, 0xBF, 0xF0, 0x60, 0x0C, 0x06, 0x00, 0xC0, 0x06,
    0x00, 0xC0, 0x06, 0x00, 0xC0, 0x00, 0x00, 0x07, 0xFE, 0xFF, 0xC1, 0x80, 0x30, 0x06, 0x00, 0xC0,
    0x18, 0x03, 0x00, 0x60, 0x0C, 0x01, 0x80, 0x30, 0x06, 0x00, 0xC1, 0xFF, 0xBF, 0xF0, 0x7E, 0x0F,
    0xC0, 0x18, 0x03, 0x00, 0x60, 0x0C, 0x01, 0x80, 0x30, 0x06, 0x00, 0xC1, 0xFF, 0xBF, 0xF0, 0x61,
    0xEC, 0x3D, 0x81, 0xB0, 0x36, 0x06, 0xC0, 0xD8, 0x1B, 0x03, 0x00, 0x60, 0x0C, 0x01, 0x80, 0x36,
    0x06, 0xC0, 0xC7, 0xE0, 0xFC, 0x60, 0x6C, 0x0C, 0x00, 0x00, 0x06, 0x06, 0xC0, 0xD8, 0x1B, 0x03,
    0x60, 0x6C, 0x0D, 0x81, 0xB0, 0x36, 0x1E, 0xC3, 0xC7, 0x98, 0xF3, 0x00, 0x60, 0x0C, 0x1E, 0x03,
    0xC0, 0x01, 0x80, 0x30, 0x19, 0x83, 0x30, 0x00, 0x00, 0x01, 0xF8, 0x3F, 0x00, 0x60, 0x0C, 0x01,
    0x80, 0x30, 0x06, 0x00, 0xC0, 0x18, 0x03, 0x00, 0x60, 0x0D, 0x81, 0xB0, 0x31, 0xF8, 0x3F, 0x00,
    0x06, 0x03, 0x06, 0x63, 0x30, 0x00, 0x00, 0x7E, 0x3F, 0x01, 0x80, 0xC0, 0x60, 0x30, 0x18, 0x0C,
    0x06, 0x03, 0x01, 0x80, 0xD8, 0x6C, 0x31, 0xE0, 0xF0, 0x60, 0x6C, 0x0D, 0x86, 0x30, 0xC6, 0x60,
    0xCC, 0x1F, 0x83, 0xF0, 0x61, 0x8C, 0x31, 0x86, 0x30, 0xC6, 0x06, 0xC0, 0xD8, 0x1B, 0x03, 0x00,
    0x00, 0x00, 0x18, 0x03, 0x01, 0x80, 0x30, 0x00, 0x60, 0x0C, 0x01, 0x80, 0x30, 0x06, 0x06, 0xC0,
    0xD8, 0x63, 0x0C, 0x66, 0x0C, 0xC1, 0xF8, 0x3F, 0x06, 0x18, 0xC3, 0x18, 0x1B, 0x03, 0x00, 0x00,
    0x00, 0x18, 0x03, 0x01, 0x80, 0x30, 0x00, 0x60, 0x6C, 0x0D, 0x86, 0x30, 0xC6, 0x60, 0xCC, 0x1F,
    0x83, 0xF0, 0x61, 0x8C, 0x31, 0x81, 0xB0, 0x30, 0x18, 0x03, 0x01, 0x80, 0x30, 0x00, 0x00, 0x00,
    0x18, 0x03, 0x00, 0x60, 0x0C, 0x01, 0x80, 0x30, 0x06, 0x00, 0xC0, 0x18, 0x03, 0x00, 0x60, 0x0C,
    0x01, 0x80, 0x30, 0x07, 0xFE, 0xFF, 0xC0, 0x01, 0x80, 0x30, 0x18, 0x03, 0x00, 0x00, 0x00, 0x1F,
    0x83, 0xF0, 0x06, 0x00, 0xC0, 0x18, 0x03, 0x00, 0x60, 0x0C, 0x01, 0x80, 0x30, 0x06, 0x00, 0xC0,
    0x18, 0x03, 0x07, 0xFE, 0xFF, 0xC0, 0x60, 0x0C, 0x01, 0x80, 0x30, 0x06, 0x00, 0xC0, 0x18, 0x03,
    0x00, 0x60, 0x0C, 0x01, 0x80, 0x30, 0x06, 0x00, 0xC0, 0x1F, 0xFB, 0xFF, 0x00, 0x00, 0x00, 0x18,
    0x03, 0x01, 0x80, 0x30, 0x00, 0x7E, 0x0F, 0xC0, 0x18, 0x03, 0x00, 0x60, 0x0C, 0x01, 0x80, 0x30,
    0x06, 0x00, 0xC0, 0x18, 0x03, 0x00, 0x60, 0x0C, 0x1F, 0xFB, 0xFF, 0x00, 0x00, 0x00, 0x18, 0x03,
    0x01, 0x80, 0x30, 0x00, 0x61, 0x8C, 0x31, 0x98, 0x33, 0x06, 0x00, 0xC0, 0x18, 0x03, 0x00, 0x60,
    0x0C, 0x01, 0x80, 0x30, 0x06, 0x00, 0xC0, 0x1F, 0xFB, 0xFF, 0x7E, 0x1B, 0xF0, 0xC1, 0x98, 0x0C,
    0xC0, 0x60, 0x03, 0x00, 0x18, 0x00, 0xC0, 0x06, 0x00, 0x30, 0x01, 0x80, 0x0C, 0x00, 0x60, 0x03,
    0x01, 0xFF, 0x8F, 0xFC, 0x60, 0x0C, 0x01, 0x80, 0x30, 0x06, 0x00, 0xC0, 0x18, 0x63, 0x0C, 0x61,
    0x8C, 0x31, 0x80, 0x30, 0x06, 0x00, 0xC0, 0x1F, 0xFB, 0xFF, 0x7E, 0x0F, 0xC0, 0x18, 0x03, 0x00,
    0x60, 0x0C, 0x01, 0x98, 0x33, 0x06, 0x60, 0xCC, 0x18, 0x03, 0x00, 0x60, 0x0C, 0x1F, 0xFB, 0xFF,
    0x30, 0x03, 0x00, 0x30, 0xC3, 0x0C, 0x33, 0x03, 0x30, 0x3C, 0x03, 0xC0, 0x30, 0x03, 0x00, 0xF0,
    0x0F, 0x00, 0x30, 0x03, 0x00, 0x3F, 0xF3, 0xFF, 0x7E, 0x0F, 0xC0, 0x19, 0x83, 0x30, 0x78, 0x0F,
    0x01, 0x80, 0x30, 0x1E, 0x03, 0xC1, 0x98, 0x33, 0x00, 0x60, 0x0C, 0x1F, 0xFB, 0xFF, 0x01, 0x80,
    0x30, 0x18, 0x03, 0x00, 0x00, 0x00, 0x18, 0x1B, 0x03, 0x60, 0x6C, 0x0D, 0xE1, 0xBC, 0x36, 0x66,
    0xCC, 0xD8, 0x7B, 0x0F, 0x60, 0x6C, 0x0D, 0x81, 0xB0, 0x36, 0x06, 0xC0, 0xC0, 0x01, 0x80, 0x30,
    0x18, 0x03, 0x00, 0x00, 0x00, 0x19, 0xE3, 0x3C, 0x78, 0x6F, 0x0D, 0x81, 0xB0, 0x36, 0x06, 0xC0,
    0xD8, 0x1B, 0x03, 0x60, 0x6C, 0x0C, 0x60, 0x6C, 0x0D, 0x81, 0xB0, 0x37, 0x86, 0xF0, 0xD9, 0x9B,
    0x33, 0x61, 0xEC, 0x3D, 0x81, 0xB0, 0x36, 0x06, 0xC0, 0xD8, 0x1B, 0x03, 0x00, 0x00, 0x00, 0x18,
    0x03, 0x01, 0x80, 0x30, 0x00, 0x67, 0x8C, 0xF1, 0xE1, 0xBC, 0x36, 0x06, 0xC0, 0xD8, 0x1B, 0x03,
    0x60, 0x6C, 0x0D, 0x81, 0xB0, 0x30, 0x00, 0x00, 0x01, 0x80, 0x30, 0x18, 0x03, 0x00, 0x19, 0x83,
    0x30, 0x18, 0x03, 0x00, 0x00, 0x00, 0x18, 0x1B, 0x03, 0x60, 0x6C, 0x0D, 0xE1, 0xBC, 0x36, 0x66,
    0xCC, 0xD8, 0x7B, 0x0F, 0x60, 0x6C, 0x0D, 0x81, 0xB0, 0x36, 0x06, 0xC0, 0xC0, 0x19, 0x83, 0x30,
    0x18, 0x03, 0x00, 0x00, 0x00, 0x19, 0xE3, 0x3C, 0x78, 0x6F, 0x0D, 0x81, 0xB0, 0x36, 0x06, 0xC0,
    0xD8, 0x1B, 0x03, 0x60, 0x6C, 0x0C, 0x60, 0x6C, 0x0D, 0x81, 0xB0, 0x37, 0x86, 0xF0, 0xD9, 0x9B,
    0x33, 0x61, 0xEC, 0x3D, 0x81, 0xB0, 0x36, 0x06, 0xC0, 0xD8, 0x1B, 0x03, 0x00, 0x60, 0x0C, 0x06,
    0x00, 0xC0, 0x67, 0x8C, 0xF1, 0xE1, 0xBC, 0x36, 0x06, 0xC0, 0xD8, 0x1B, 0x03, 0x60, 0x6C, 0x0D,
    0x81, 0xB0, 0x30, 0x06, 0x00, 0xC0, 0x60, 0x0C, 0x1F, 0x83, 0xF0, 0x00, 0x00, 0x01, 0xF8, 0x3F,
    0x18, 0x1B, 0x03, 0x60, 0x6C, 0x0D, 0x81, 0xB0, 0x36, 0x06, 0xC0, 0xD8, 0x1B, 0x03, 0x60, 0x6C,
    0x0C, 0x7E, 0x0F, 0xC0, 0x1F, 0x83, 0xF0, 0x00, 0x00, 0x01, 0xF8, 0x3F, 0x18, 0x1B, 0x03, 0x60,
    0x6C, 0x0D, 0x81, 0xB0, 0x36, 0x06, 0xC0, 0xC7, 0xE0, 0xFC, 0x60, 0x6C, 0x0C, 0x7E, 0x0F, 0xC0,
    0x00, 0x00, 0x07, 0xE0, 0xFC, 0x60, 0x6C, 0x0D, 0x81, 0xB0, 0x36, 0x06, 0xC0, 0xD8, 0x1B, 0x03,
    0x60, 0x6C, 0x0D, 0x81, 0xB0, 0x31, 0xF8, 0x3F, 0x00, 0x60, 0x6C, 0x0C, 0x7E, 0x0F, 0xC0, 0x00,
    0x00, 0x07, 0xE0, 0xFC, 0x60, 0x6C, 0x0D, 0x81, 0xB0, 0x36, 0x06, 0xC0, 0xD8, 0x1B, 0x03, 0x1F,
    0x83, 0xF0, 0x19, 0x83, 0x30, 0x66, 0x0C, 0xC0, 0x00, 0x00, 0x07, 0xE0, 0xFC, 0x60, 0x6C, 0x0D,
    0x81, 0xB0, 0x36, 0x06, 0xC0, 0xD8, 0x1B, 0x03, 0x60, 0x6C, 0x0D, 0x81, 0xB0, 0x31, 0xF8, 0x3F,
    0x00, 0x19, 0x83, 0x30, 0x66, 0x0C, 0xC0, 0x00, 0x00, 0x07, 0xE0, 0xFC, 0x60, 0x6C, 0x0D, 0x81,
    0xB0, 0x36, 0x06, 0xC0, 0xD8, 0x1B, 0x03, 0x1F, 0x83, 0xF0, 0x3F, 0xFC, 0xFF, 0xFC, 0x30, 0x30,
    0xC0, 0xC3, 0x03, 0x0C, 0x0C, 0x3F, 0x30, 0xFC, 0xC3, 0x03, 0x0C, 0x0C, 0x30, 0x30, 0xC0, 0xC3,
    0x03, 0x0C, 0x03, 0xFF, 0xCF, 0xFF, 0x3C, 0xF0, 0xF3, 0xCC, 0x30, 0xF0, 0xC3, 0xC3, 0xFF, 0x0F,
    0xFC, 0x30, 0x30, 0xC0, 0xC3, 0x0F, 0x0C, 0x33, 0xCF, 0x0F, 0x3C, 0x01, 0x80, 0x30, 0x18, 0x03,
    0x00, 0x00, 0x00, 0x1F, 0xE3, 0xFC, 0x60, 0x6C, 0x0D, 0x81, 0xB0, 0x36, 0x06, 0xC0, 0xDF, 0xE3,
    0xFC, 0x61, 0x8C, 0x31, 0x81, 0xB0, 0x36, 0x06, 0xC0, 0xC0, 0x01, 0x80, 0x30, 0x18, 0x03, 0x00,
    0x00, 0x00, 0x1E, 0x7B, 0xCF, 0x1E, 0x03, 0xC0, 0x60, 0x0C, 0x01, 0x80, 0x30, 0x06, 0x00, 0xC0,
    0x7F, 0x8F, 0xF0, 0x7F, 0x8F, 0xF1, 0x81, 0xB0, 0x36, 0x06, 0xC0, 0xD8, 0x1B, 0x03, 0x7F, 0x8F,
    0xF1, 0x86, 0x30, 0xC6, 0x06, 0xC0, 0xD8, 0x1B, 0x03, 0x00, 0x00, 0x00, 0x18, 0x03, 0x01, 0x80,
    0x30, 0x00, 0x79, 0xEF, 0x3C, 0x78, 0x0F, 0x01, 0x80, 0x30, 0x06, 0x00, 0xC0, 0x18, 0x03, 0x01,
    0xFE, 0x3F, 0xC0, 0x00, 0x00, 0x06, 0x00, 0xC0, 0x60, 0x0C, 0x00, 0x19, 0x83, 0x30, 0x18, 0x03,
    0x00, 0x00, 0x00, 0x1F, 0xE3, 0xFC, 0x60, 0x6C, 0x0D, 0x81, 0xB0, 0x36, 0x06, 0xC0, 0xDF, 0xE3,
    0xFC, 0x61, 0x8C, 0x31, 0x81, 0xB0, 0x36, 0x06, 0xC0, 0xC0, 0x19, 0x83, 0x30, 0x18, 0x03, 0x00,
    0x00, 0x00, 0x1E, 0x7B, 0xCF, 0x1E, 0x03, 0xC0, 0x60, 0x0C, 0x01, 0x80, 0x30, 0x06, 0x00, 0xC0,
    0x7F, 0x8F, 0xF0, 0x01, 0x80, 0x30, 0x18, 0x03, 0x00, 0x00, 0x00, 0x07, 0xE0, 0xFC, 0x60, 0x6C,
    0x0D, 0x80, 0x30, 0x01, 0xF8, 0x3F, 0x00, 0x18, 0x03, 0x00, 0x60, 0x0D, 0x81, 0xB0, 0x31, 0xF8,
    0x3F, 0x00, 0x01, 0x80, 0x30, 0x18, 0x03, 0x00, 0x00, 0x00, 0x07, 0xE0, 0xFC, 0x60, 0x6C, 0x0C,
    0x7E, 0x0F, 0xC0, 0x06, 0x00, 0xD8, 0x1B, 0x03, 0x1F, 0x83, 0xF0, 0x06, 0x00, 0xC0, 0x66, 0x0C,
    0xC0, 0x00, 0x00, 0x07, 0xE0, 0xFC, 0x60, 0x6C, 0x0D, 0x80, 0x30, 0x01, 0xF8, 0x3F, 0x00, 0x18,
    0x03, 0x00, 0x60, 0x0D, 0x81, 0xB0, 0x31, 0xF8, 0x3F, 0x00, 0x06, 0x00, 0xC0, 0x66, 0x0C, 0xC0,
    0x00, 0x00, 0x07, 0xE0, 0xFC, 0x60, 0x6C, 0x0C, 0x7E, 0x0F, 0xC0, 0x06, 0x00, 0xD8, 0x1B, 0x03,
    0x1F, 0x83, 0xF0, 0x1F, 0x83, 0xF1, 0x81, 0xB0, 0x36, 0x00, 0xC0, 0x07, 0xE0, 0xFC, 0x00, 0x60,
    0x0C, 0x01, 0x80, 0x36, 0x06, 0xC0, 0xC7, 0xE0, 0xFC, 0x06, 0x00, 0xC0, 0x06, 0x00, 0xC0, 0x60,
    0x0C, 0x00, 0x1F, 0x83, 0xF1, 0x81, 0xB0, 0x31, 0xF8, 0x3F, 0x00, 0x18, 0x03, 0x60, 0x6C, 0x0C,
    0x7E, 0x0F, 0xC0, 0x60, 0x0C, 0x00, 0x60, 0x0C, 0x06, 0x00, 0xC0, 0x19, 0x83, 0x30, 0x18, 0x03,
    0x00, 0x00, 0x00, 0x07, 0xE0, 0xFC, 0x60, 0x6C, 0x0D, 0x80, 0x30, 0x01, 0xF8, 0x3F, 0x00, 0x18,
    0x03, 0x00, 0x60, 0x0D, 0x81, 0xB0, 0x31, 0xF8, 0x3F, 0x00, 0x19, 0x83, 0x30, 0x18, 0x03, 0x00,
    0x00, 0x00, 0x07, 0xE0, 0xFC, 0x60, 0x6C, 0x0C, 0x7E, 0x0F, 0xC0, 0x06, 0x00, 0xD8, 0x1B, 0x03,
    0x1F, 0x83, 0xF0, 0x7F, 0xEF, 0xFC, 0x18, 0x03, 0x00, 0x60, 0x0C, 0x01, 0x80, 0x30, 0x06, 0x00,
    0xC0, 0x18, 0x03, 0x00, 0x60, 0x0C, 0x01, 0x80, 0x30, 0x06, 0x00, 0xC0, 0x06, 0x00, 0xC0, 0x60,
    0x0C, 0x00, 0x18, 0x03, 0x00, 0x60, 0x0C, 0x07, 0xFE, 0xFF, 0xC6, 0x00, 0xC0, 0x18, 0x03, 0x00,
    0x60, 0x0C, 0x01, 0x86, 0x30, 0xC1, 0xE0, 0x3C, 0x06, 0x00, 0xC0, 0x06, 0x00, 0xC0, 0x60, 0x0C,
    0x00, 0x19, 0x83, 0x30, 0x18, 0x03, 0x00, 0x00, 0x00, 0x1F, 0xFB, 0xFF, 0x06, 0x00, 0xC0, 0x18,
    0x03, 0x00, 0x60, 0x0C, 0x01, 0x80, 0x30, 0x06, 0x00, 0xC0, 0x18, 0x03, 0x00, 0x60, 0x0C, 0x00,
    0x00, 0x60, 0x0C, 0x66, 0x0C, 0xC1, 0x80, 0x30, 0x1F, 0xFB, 0xFF, 0x18, 0x03, 0x00, 0x60, 0x0C,
    0x01, 0x80, 0x30, 0x06, 0x18, 0xC3, 0x07, 0x80, 0xF0, 0x7F, 0xEF, 0xFC, 0x18, 0x03, 0x00, 0x60,
    0x0C, 0x07, 0xE0, 0xFC, 0x06, 0x00, 0xC0, 0x18, 0x03, 0x00, 0x60, 0x0C, 0x01, 0x80, 0x30, 0x18,
    0x03, 0x00, 0x60, 0x0C, 0x07, 0xFE, 0xFF, 0xC6, 0x00, 0xC0, 0x7F, 0xEF, 0xFC, 0x60, 0x0C, 0x01,
    0x86, 0x30, 0xC1, 0xE0, 0x3C, 0x06, 0x60, 0xCC, 0x66, 0x0C, 0xC0, 0x00, 0x00, 0x18, 0x1B, 0x03,
    0x60, 0x6C, 0x0D, 0x81, 0xB0, 0x36, 0x06, 0xC0, 0xD8, 0x1B, 0x03, 0x60, 0x6C, 0x0D, 0x81, 0xB0,
    0x31, 0xF8, 0x3F, 0x00, 0x06, 0x60, 0xCC, 0x66, 0x0C, 0xC0, 0x00, 0x00, 0x18, 0x1B, 0x03, 0x60,
    0x6C, 0x0D, 0x81, 0xB0, 0x36, 0x06, 0xC0, 0xD8, 0x7B, 0x0F, 0x1E, 0x63, 0xCC, 0x1F, 0x83, 0xF0,
    0x00, 0x00, 0x06, 0x06, 0xC0, 0xD8, 0x1B, 0x03, 0x60, 0x6C, 0x0D, 0x81, 0xB0, 0x36, 0x06, 0xC0,
    0xD8, 0x1B, 0x03, 0x60, 0x6C, 0x0C, 0x7E, 0x0F, 0xC0, 0x1F, 0x83, 0xF0, 0x00, 0x00, 0x06, 0x06,
    0xC0, 0xD8, 0x1B, 0x03, 0x60, 0x6C, 0x0D, 0x81, 0xB0, 0x36, 0x1E, 0xC3, 0xC7, 0x98, 0xF3, 0x60,
    0x6C, 0x0C, 0x7E, 0x0F, 0xC0, 0x00, 0x00, 0x18, 0x1B, 0x03, 0x60, 0x6C, 0x0D, 0x81, 0xB0, 0x36,
    0x06, 0xC0, 0xD8, 0x1B, 0x03, 0x60, 0x6C, 0x0D, 0x81, 0xB0, 0x31, 0xF8, 0x3F, 0x00, 0x60, 0x6C,
    0x0C, 0x7E, 0x0F, 0xC0, 0x00, 0x00, 0x18, 0x1B, 0x03, 0x60, 0x6C, 0x0D, 0x81, 0xB0, 0x36, 0x06,
    0xC0, 0xD8, 0x7B, 0x0F, 0x1E, 0x63, 0xCC, 0x06, 0x00, 0xC0, 0x66, 0x0C, 0xC0, 0x60, 0x0C, 0x18,
    0x1B, 0x03, 0x60, 0x6C, 0x0D, 0x81, 0xB0, 0x36, 0x06, 0xC0, 0xD8, 0x1B, 0x03, 0x60, 0x6C, 0x0D,
    0x81, 0xB0, 0x31, 0xF8, 0x3F, 0x00, 0x06, 0x00, 0xC0, 0x66, 0x0C, 0xC0, 0x60, 0x0C, 0x00, 0x00,
    0x00, 0x60, 0x6C, 0x0D, 0x81, 0xB0, 0x36, 0x06, 0xC0, 0xD8, 0x1B, 0x03, 0x61, 0xEC, 0x3C, 0x79,
    0x8F, 0x30, 0x19, 0x83, 0x30, 0x66, 0x0C, 0xC0, 0x00, 0x00, 0x18, 0x1B, 0x03, 0x60, 0x6C, 0x0D,
    0x81, 0xB0, 0x36, 0x06, 0xC0, 0xD8, 0x1B, 0x03, 0x60, 0x6C, 0x0D, 0x81, 0xB0, 0x31, 0xF8, 0x3F,
    0x00, 0x19, 0x83, 0x30, 0x66, 0x0C, 0xC0, 0x00, 0x00, 0x18, 0x1B, 0x03, 0x60, 0x6C, 0x0D, 0x81,
    0xB0, 0x36, 0x06, 0xC0, 0xD8, 0x7B, 0x0F, 0x1E, 0x63, 0xCC, 0x60, 0x6C, 0x0D, 0x81, 0xB0, 0x36,
    0x06, 0xC0, 0xD8, 0x1B, 0x03, 0x60, 0x6C, 0x0D, 0x81, 0xB0, 0x36, 0x06, 0xC0, 0xC7, 0xE0, 0xFC,
    0x06, 0x00, 0xC0, 0x60, 0x0C, 0x00, 0x60, 0x0C, 0x00, 0x60, 0x6C, 0x0D, 0x81, 0xB0, 0x36, 0x06,
    0xC0, 0xD8, 0x1B, 0x03, 0x61, 0xEC, 0x3C, 0x79, 0x8F, 0x30, 0x06, 0x00, 0xC0, 0x60, 0x0C, 0x00,
    0x60, 0x0C, 0x06, 0x00, 0xC0, 0x66, 0x0C, 0xC0, 0x00, 0x00, 0x18, 0x1B, 0x03, 0x60, 0x6C, 0x0D,
    0x81, 0xB0, 0x36, 0x66, 0xCC, 0xD9, 0x9B, 0x33, 0x19, 0x83, 0x30, 0x66, 0x0C, 0xC1, 0x98, 0x33,
    0x00, 0x06, 0x00, 0xC0, 0x66, 0x0C, 0xC0, 0x00, 0x00, 0x19, 0x9B, 0x33, 0x66, 0x6C, 0xCD, 0x99,
    0xB3, 0x36, 0x66, 0xCC, 0xD9, 0x9B, 0x33, 0x19, 0xE3, 0x3C, 0x06, 0x00, 0xC0, 0x66, 0x0C, 0xC0,
    0x00, 0x00, 0x18, 0x1B, 0x03, 0x60, 0x6C, 0x0D, 0x81, 0xB0, 0x31, 0x98, 0x33, 0x01, 0x80, 0x30,
    0x06, 0x00, 0xC0, 0x18, 0x03, 0x00, 0x60, 0x0C, 0x00, 0x06, 0x00, 0xC0, 0x66, 0x0C, 0xC0, 0x00,
    0x00, 0x18, 0x1B, 0x03, 0x60, 0x6C, 0x0D, 0x81, 0xB0, 0x31, 0x98, 0x33, 0x06, 0x60, 0xCC, 0x06,
    0x00, 0xC0, 0x18, 0x03, 0x07, 0x80, 0xF0, 0x00, 0x19, 0x83, 0x30, 0x00, 0x00, 0x06, 0x06, 0xC0,
    0xD8, 0x1B, 0x03, 0x60, 0x6C, 0x0C, 0x66, 0x0C, 0xC0, 0x60, 0x0C, 0x01, 0x80, 0x30, 0x06, 0x00,
    0xC0, 0x18, 0x03, 0x00, 0x01, 0x80, 0x30, 0x18, 0x03, 0x00, 0x00, 0x00, 0x1F, 0xFB, 0xFF, 0x00,
    0x60, 0x0C, 0x06, 0x00, 0xC0, 0x60, 0x0C, 0x06, 0x00, 0xC0, 0x60, 0x0C, 0x01, 0x80, 0x30, 0x07,
    0xFE, 0xFF, 0xC0, 0x01, 0x80, 0x30, 0x18, 0x03, 0x00, 0x00, 0x00, 0x1F, 0xFB, 0xFF, 0x01, 0x80,
    0x30, 0x18, 0x03, 0x01, 0x80, 0x30, 0x18, 0x03, 0x00, 0x7F, 0xEF, 0xFC, 0x06, 0x00, 0xC0, 0x00,
    0x00, 0x07, 0xFE, 0xFF, 0xC0, 0x18, 0x03, 0x01, 0x80, 0x30, 0x18, 0x03, 0x01, 0x80, 0x30, 0x18,
    0x03, 0x00, 0x60, 0x0C, 0x01, 0xFF, 0xBF, 0xF0, 0x06, 0x00, 0xC0, 0x00, 0x00, 0x07, 0xFE, 0xFF,
    0xC0, 0x60, 0x0C, 0x06, 0x00, 0xC0, 0x60, 0x0C, 0x06, 0x00, 0xC0, 0x1F, 0xFB, 0xFF, 0x19, 0x83,
    0x30, 0x18, 0x03, 0x00, 0x00, 0x00, 0x1F, 0xFB, 0xFF, 0x00, 0x60, 0x0C, 0x06, 0x00, 0xC0, 0x60,
    0x0C, 0x06, 0x00, 0xC0, 0x60, 0x0C, 0x01, 0x80, 0x30, 0x07, 0xFE, 0xFF, 0xC0, 0x19, 0x83, 0x30,
    0x18, 0x03, 0x00, 0x00, 0x00, 0x1F, 0xFB, 0xFF, 0x01, 0x80, 0x30, 0x18, 0x03, 0x01, 0x80, 0x30,
    0x18, 0x03, 0x00, 0x7F, 0xEF, 0xFC, 0x01, 0xE0, 0x3C, 0x18, 0x03, 0x00, 0x60, 0x0C, 0x01, 0x80,
    0x30, 0x06, 0x00, 0xC0, 0x18, 0x03, 0x00, 0x60, 0x0C, 0x1F, 0xFB, 0xFF, 0x00, 0x18, 0x00, 0xC0,
    0x06, 0x00, 0x36, 0x06, 0x30, 0x31, 0x81, 0x8C, 0x0C, 0x60, 0x63, 0x03, 0x18, 0x18, 0xC0, 0xC6,
    0x06, 0x30, 0x31, 0x81, 0x8C, 0x0C, 0x60, 0x63, 0x03, 0x07, 0xE0, 0x3F, 0x00, 0x00, 0x18, 0x00,
    0xD8, 0x18, 0xC0, 0xC6, 0x06, 0x30, 0x31, 0x81, 0x8C, 0x0C, 0x60, 0x63, 0x03, 0x18, 0x78, 0xC3,
    0xC1, 0xE6, 0x0F, 0x30, 0x19, 0x83, 0x30, 0x18, 0x03, 0x00, 0x00, 0x00, 0x01, 0x80, 0x30, 0x19,
    0x83, 0x31, 0x81, 0xB0, 0x36, 0x06, 0xC0, 0xDF, 0xFB, 0xFF, 0x60, 0x6C, 0x0D, 0x81, 0xB0, 0x36,
    0x06, 0xC0, 0xC0, 0x19, 0x83, 0x30, 0x18, 0x03, 0x00, 0x00, 0x00, 0x07, 0xE0, 0xFC, 0x00, 0x60,
    0x0C, 0x7F, 0x8F, 0xF6, 0x06, 0xC0, 0xD8, 0x7B, 0x0F, 0x1E, 0x63, 0xCC, 0x19, 0x83, 0x30, 0x18,
    0x03, 0x00, 0x00, 0x00, 0x1F, 0xFB, 0xFF, 0x06, 0x00, 0xC0, 0x18, 0x03, 0x00, 0x60, 0x0C, 0x01,
    0x80, 0x30, 0x06, 0x00, 0xC0, 0x18, 0x03, 0x07, 0xFE, 0xFF, 0xC0, 0x19, 0x83, 0x30, 0x18, 0x03,
    0x00, 0x00, 0x00, 0x1F, 0x83, 0xF0, 0x06, 0x00, 0xC0, 0x18, 0x03, 0x00, 0x60, 0x0C, 0x01, 0x80,
    0x30, 0x7F, 0xEF, 0xFC, 0x19, 0x83, 0x30, 0x18, 0x03, 0x00, 0x00, 0x00, 0x07, 0xE0, 0xFC, 0x60,
    0x6C, 0x0D, 0x81, 0xB0, 0x36, 0x06, 0xC0, 0xD8, 0x1B, 0x03, 0x60, 0x6C, 0x0D, 0x81, 0xB0, 0x31,
    0xF8, 0x3F, 0x00, 0x19, 0x83, 0x30, 0x18, 0x03, 0x00, 0x00, 0x00, 0x07, 0xE0, 0xFC, 0x60, 0x6C,
    0x0D, 0x81, 0xB0, 0x36, 0x06, 0xC0, 0xD8, 0x1B, 0x03, 0x1F, 0x83, 0xF0, 0x19, 0x83, 0x30, 0x18,
    0x03, 0x00, 0x00, 0x00, 0x18, 0x1B, 0x03, 0x60, 0x6C, 0x0D, 0x81, 0xB0, 0x36, 0x06, 0xC0, 0xD8,
    0x1B, 0x03, 0x60, 0x6C, 0x0D, 0x81, 0xB0, 0x31, 0xF8, 0x3F, 0x00, 0x19, 0x83, 0x30, 0x18, 0x03,
    0x00, 0x00, 0x00, 0x18, 0x1B, 0x03, 0x60, 0x6C, 0x0D, 0x81, 0xB0, 0x36, 0x06, 0xC0, 0xD8, 0x7B,
    0x0F, 0x1E, 0x63, 0xCC, 0x1F, 0x83, 0xF1, 0x81, 0xB0, 0x30, 0x06, 0x00, 0xDF, 0xFB, 0xFF, 0x60,
    0x6C, 0x0C, 0x7E, 0x0F, 0xC0, 0x19, 0x83, 0x30, 0x18, 0x03, 0x00, 0x00, 0x00, 0x07, 0xE0, 0xFC,
    0x60, 0x6C, 0x0D, 0x80, 0x30, 0x06, 0x00, 0xC0, 0x18, 0x7B, 0x0F, 0x60, 0x6C, 0x0D, 0x81, 0xB0,
    0x31, 0xF8, 0x3F, 0x00, 0x19, 0x83, 0x30, 0x18, 0x03, 0x00, 0x00, 0x00, 0x07, 0x98, 0xF3, 0x61,
    0xEC, 0x3D, 0x81, 0xB0, 0x36, 0x06, 0xC0, 0xD8, 0x7B, 0x0F, 0x1E, 0x63, 0xCC, 0x01, 0x80, 0x31,
    0xF8, 0x3F, 0x00, 0x1F, 0x83, 0xF1, 0x81, 0xB0, 0x36, 0x06, 0xC0, 0xD8, 0x1B, 0x03, 0x60, 0x6C,
    0x0D, 0x81, 0xB0, 0x36, 0x06, 0xC0, 0xC7, 0xE0, 0xFC, 0x06, 0x00, 0xC0, 0x60, 0x0C, 0x00, 0x60,
    0x0C, 0x00, 0x1F, 0x83, 0xF1, 0x81, 0xB0, 0x36, 0x06, 0xC0, 0xD8, 0x1B, 0x03, 0x60, 0x6C, 0x0C,
    0x7E, 0x0F, 0xC0, 0x60, 0x0C, 0x06, 0x00, 0xC0, 0x06, 0x00, 0xC0, 0x18, 0x03, 0x00, 0x18, 0x03,
    0x00, 0x00, 0x00, 0x18, 0x1B, 0x03, 0x60, 0x6C, 0x0D, 0xE1, 0xBC, 0x36, 0x66, 0xCC, 0xD8, 0x7B,
    0x0F, 0x60, 0x6C, 0x0D, 0x81, 0xB0, 0x36, 0x06, 0xC0, 0xC0, 0x18, 0x03, 0x00, 0x18, 0x03, 0x00,
    0x00, 0x00, 0x19, 0xE3, 0x3C, 0x78, 0x6F, 0x0D, 0x81, 0xB0, 0x36, 0x06, 0xC0, 0xD8, 0x1B, 0x03,
    0x60, 0x6C, 0x0C, 0x07, 0xE0, 0xFC, 0x66, 0x0C, 0xC0, 0x60, 0x0C, 0x01, 0x80, 0x30, 0x19, 0x83,
    0x31, 0x81, 0xB0, 0x36, 0x06, 0xC0, 0xDF, 0xFB, 0xFF, 0x60, 0x6C, 0x0D, 0x81, 0xB0, 0x36, 0x06,
    0xC0, 0xC0, 0x07, 0xE0, 0xFC, 0x66, 0x0C, 0xC0, 0x60, 0x0C, 0x00, 0x00, 0x00, 0x1F, 0x83, 0xF0,
    0x01, 0x80, 0x31, 0xFE, 0x3F, 0xD8, 0x1B, 0x03, 0x61, 0xEC, 0x3C, 0x79, 0x8F, 0x30, 0x00, 0xC0,
    0x03, 0x00, 0x30, 0x00, 0xC0, 0x00, 0x00, 0x00, 0x00, 0xFF, 0xC3, 0xFF, 0x33, 0x00, 0xCC, 0x0C,
    0x30, 0x30, 0xC0, 0xC3, 0xF3, 0x0F, 0xCF, 0xF0, 0x3F, 0xC0, 0xC3, 0x03, 0x0C, 0x0C, 0x30, 0x30,
    0xC0, 0xC3, 0xFF, 0x0F, 0xF0, 0x00, 0xC0, 0x03, 0x00, 0x30, 0x00, 0xC0, 0x00, 0x00, 0x00, 0x03,
    0xCF, 0x0F, 0x3C, 0x03, 0x0C, 0x0C, 0x33, 0xFF, 0xCF, 0xFF, 0xC3, 0x03, 0x0C, 0x0C, 0x30, 0xF0,
    0xC3, 0x3C, 0xF0, 0xF3, 0xC0, 0x00, 0xC0, 0x03, 0x00, 0x30, 0x00, 0xC0, 0x00, 0x00, 0x00, 0x00,
    0xFC, 0xC3, 0xF3, 0x30, 0x30, 0xC0, 0xC3, 0x0F, 0x0C, 0x3C, 0x33, 0x30, 0xCC, 0xC3, 0xC3, 0x0F,
    0x0C, 0x30, 0x30, 0xC0, 0xCF, 0x03, 0x3C, 0x0C, 0x0F, 0xC0, 0x3F, 0x00, 0x00, 0xC0, 0x03, 0x00,
    0x30, 0x00, 0xC0, 0x00, 0x00, 0x00, 0x00, 0xFC, 0xC3, 0xF3, 0x30, 0x30, 0xC0, 0xC3, 0x0F, 0x0C,
    0x3C, 0x33, 0x30, 0xCC, 0xC3, 0xC3, 0x0F, 0x0C, 0x3F, 0xC0, 0xFF, 0x0C, 0x00, 0x30, 0x00, 0x1F,
    0x83, 0xF1, 0x81, 0xB0, 0x36, 0x00, 0xC0, 0x07, 0xE0, 0xFC, 0x00, 0x60, 0x0C, 0x01, 0x80, 0x36,
    0x06, 0xC0, 0xC7, 0xE0, 0xFC, 0x00, 0x00, 0x00, 0x18, 0x03, 0x01, 0x80, 0x30, 0x00, 0x1F, 0x83,
    0xF1, 0x81, 0xB0, 0x31, 0xF8, 0x3F, 0x00, 0x18, 0x03, 0x60, 0x6C, 0x0C, 0x7E, 0x0F, 0xC0, 0x00,
    0x00, 0x01, 0x80, 0x30, 0x18, 0x03, 0x00, 0x7F, 0xEF, 0xFC, 0x18, 0x03, 0x00, 0x60, 0x0C, 0x01,
    0x80, 0x30, 0x06, 0x00, 0xC0, 0x18, 0x03, 0x00, 0x60, 0x0C, 0x01, 0x80, 0x30, 0x00, 0x00, 0x00,
    0x18, 0x03, 0x01, 0x80, 0x30, 0x00, 0x18, 0x03, 0x00, 0x60, 0x0C, 0x07, 0xFE, 0xFF, 0xC6, 0x00,
    0xC0, 0x18, 0x03, 0x00, 0x60, 0x0C, 0x01, 0x86, 0x30, 0xC1, 0xE0, 0x3C, 0x00, 0x00, 0x00, 0x18,
    0x03, 0x01, 0x80, 0x30, 0x00, 0x19, 0x83, 0x30, 0x18, 0x03, 0x00, 0x00, 0x00, 0x18, 0x1B, 0x03,
    0x60, 0x6C, 0x0D, 0x81, 0xB0, 0x37, 0xFE, 0xFF, 0xD8, 0x1B, 0x03, 0x60, 0x6C, 0x0D, 0x81, 0xB0,
    0x36, 0x06, 0xC0, 0xC0, 0xCC, 0x0C, 0xC0, 0x30, 0x03, 0x00, 0x00, 0x00, 0x00, 0x30, 0x03, 0x00,
    0x30, 0x03, 0x00, 0x33, 0xC3, 0x3C, 0x3C, 0x33, 0xC3, 0x30, 0x33, 0x03, 0x30, 0x33, 0x03, 0x30,
    0x33, 0x03, 0x30, 0x33, 0x03, 0x63, 0x06, 0x30, 0x00, 0x18, 0xD8, 0xC0, 0x00, 0x18, 0x31, 0x9B,
    0x30, 0x00, 0x19, 0x8C, 0xD9, 0x8C, 0xC0, 0x00, 0x7E, 0xFC, 0x00, 0x60, 0x6C, 0x0C, 0x7E, 0x0F,
    0xC0, 0x00, 0x6C, 0x00, 0x66, 0xCC, 0x00, 0x18, 0x31, 0x9B, 0x31, 0x83, 0x00, 0x00, 0x66, 0xCD,
    0x9B, 0x30, 0x00, 0x66, 0xCC, 0x60, 0xC0, 0x00, 0x18, 0xD8, 0xC0, 0x00, 0x6C, 0x18, 0xD8, 0xC0,
    0x63, 0x06, 0x36, 0x30, 0x18, 0xD8, 0xC1, 0x8C, 0x60, 0x6C, 0x0C, 0x7E, 0x0F, 0xC0, 0x18, 0x03,
    0x00, 0x18, 0x03, 0x00, 0x00, 0x00, 0x1F, 0xFB, 0xFF, 0x60, 0x0C, 0x01, 0x80, 0x30, 0x07, 0xF8,
    0xFF, 0x18, 0x03, 0x00, 0x60, 0x0C, 0x01, 0x80, 0x30, 0x07, 0xFE, 0xFF, 0xC0, 0x19, 0x83, 0x30,
    0x00, 0x00, 0x07, 0xFE, 0xFF, 0xD8, 0x03, 0x00, 0x60, 0x0C, 0x01, 0xFE, 0x3F, 0xC6, 0x00, 0xC0,
    0x18, 0x03, 0x00, 0x60, 0x0C, 0x01, 0xFF, 0xBF, 0xF0, 0xFF, 0x0F, 0xF0, 0x30, 0x03, 0x00, 0x30,
    0x03, 0x00, 0x33, 0xC3, 0x3C, 0x3C, 0x33, 0xC3, 0x30, 0x33, 0x03, 0x30, 0x33, 0x03, 0x33, 0xC3,
    0x3C, 0x01, 0x80, 0x30, 0x18, 0x03, 0x00, 0x00, 0x00, 0x1F, 0xFB, 0xFF, 0x18, 0x63, 0x0C, 0x60,
    0x0C, 0x01, 0x80, 0x30, 0x06, 0x00, 0xC0, 0x18, 0x03, 0x00, 0x60, 0x0C, 0x07, 0xE0, 0xFC, 0x00,
    0x1F, 0x83, 0xF1, 0x81, 0xB0, 0x36, 0x00, 0xC0, 0x1F, 0x83, 0xF0, 0x60, 0x0C, 0x01, 0x80, 0x30,
    0x06, 0x06, 0xC0, 0xC7, 0xE0, 0xFC, 0x1F, 0x83, 0xF1, 0x81, 0xB0, 0x36, 0x00, 0xC0, 0x07, 0xE0,
    0xFC, 0x00, 0x60, 0x0C, 0x01, 0x80, 0x36, 0x06, 0xC0, 0xC7, 0xE0, 0xFC, 0x7F, 0xEF, 0xFC, 0x18,
    0x03, 0x00, 0x60, 0x0C, 0x01, 0x80, 0x30, 0x06, 0x00, 0xC0, 0x18, 0x03, 0x00, 0x60, 0x0C, 0x1F,
    0xFB, 0xFF, 0x19, 0x83, 0x30, 0x00, 0x00, 0x07, 0xFE, 0xFF, 0xC1, 0x80, 0x30, 0x06, 0x00, 0xC0,
    0x18, 0x03, 0x00, 0x60, 0x0C, 0x01, 0x80, 0x30, 0x06, 0x00, 0xC1, 0xFF, 0xBF, 0xF0, 0x07, 0xE0,
    0xFC, 0x01, 0x80, 0x30, 0x06, 0x00, 0xC0, 0x18, 0x03, 0x00, 0x60, 0x0C, 0x01, 0x80, 0x36, 0x06,
    0xC0, 0xC7, 0xE0, 0xFC, 0x3F, 0x00, 0xFC, 0x03, 0x30, 0x0C, 0xC0, 0x33, 0x00, 0xCC, 0x03, 0x3F,
    0x0C, 0xFC, 0x33, 0x0C, 0xCC, 0x3C, 0x30, 0xF0, 0xC3, 0xC3, 0x0F, 0x0C, 0x3C, 0x3F, 0x30, 0xFC,
    0xC3, 0x03, 0x0C, 0x0C, 0x30, 0x30, 0xC0, 0xC3, 0x03, 0x0C, 0x0F, 0xFF, 0x3F, 0xFC, 0xC3, 0x0F,
    0x0C, 0x3C, 0x30, 0xF0, 0xC3, 0xC3, 0x0F, 0x0C, 0x3C, 0x3F, 0x30, 0xFC, 0xFF, 0x0F, 0xF0, 0x30,
    0x03, 0x00, 0x30, 0x03, 0x00, 0x33, 0xC3, 0x3C, 0x3C, 0x33, 0xC3, 0x30, 0x33, 0x03, 0x30, 0x33,
    0x03, 0x30, 0x33, 0x03, 0x01, 0x80, 0x30, 0x18, 0x03, 0x00, 0x00, 0x00, 0x18, 0x1B, 0x03, 0x61,
    0x8C, 0x31, 0x86, 0x30, 0xC7, 0xE0, 0xFC, 0x18, 0x63, 0x0C, 0x61, 0x8C, 0x31, 0x81, 0xB0, 0x36,
    0x06, 0xC0, 0xC0, 0x18, 0x03, 0x00, 0x18, 0x03, 0x00, 0x00, 0x00, 0x18, 0x1B, 0x03, 0x60, 0x6C,
    0x0D, 0x87, 0xB0, 0xF6, 0x66, 0xCC, 0xDE, 0x1B, 0xC3, 0x60, 0x6C, 0x0D, 0x81, 0xB0, 0x36, 0x06,
    0xC0, 0xC0, 0x60, 0x6C, 0x0C, 0x7E, 0x0F, 0xC0, 0x00, 0x00, 0x18, 0x1B, 0x03, 0x60, 0x6C, 0x0D,
    0x81, 0xB0, 0x31, 0x98, 0x33, 0x06, 0x60, 0xCC, 0x06, 0x00, 0xC0, 0x18, 0x03, 0x07, 0x80, 0xF0,
    0x00, 0x60, 0x6C, 0x0D, 0x81, 0xB0, 0x36, 0x06, 0xC0, 0xD8, 0x1B, 0x03, 0x60, 0x6C, 0x0D, 0x81,
    0xB0, 0x36, 0x06, 0xC0, 0xDF, 0xFB, 0xFF, 0x06, 0x00, 0xC0, 0x18, 0x03, 0x00, 0x06, 0x00, 0xC0,
    0x66, 0x0C, 0xC6, 0x06, 0xC0, 0xD8, 0x1B, 0x03, 0x7F, 0xEF, 0xFD, 0x81, 0xB0, 0x36, 0x06, 0xC0,
    0xD8, 0x1B, 0x03, 0x7F, 0x8F, 0xF1, 0x80, 0x30, 0x06, 0x00, 0xC0, 0x1F, 0xE3, 0xFC, 0x60, 0x6C,
    0x0D, 0x81, 0xB0, 0x36, 0x06, 0xC0, 0xDF, 0xE3, 0xFC, 0x7F, 0x8F, 0xF1, 0x81, 0xB0, 0x36, 0x06,
    0xC0, 0xDF, 0xE3, 0xFC, 0x60, 0x6C, 0x0D, 0x81, 0xB0, 0x36, 0x06, 0xC0, 0xDF, 0xE3, 0xFC, 0x7F,
    0xEF, 0xFC, 0x61, 0x8C, 0x31, 0x80, 0x30, 0x06, 0x00, 0xC0, 0x18, 0x03, 0x00, 0x60, 0x0C, 0x01,
    0x80, 0x30, 0x1F, 0x83, 0xF0, 0x0F, 0xF0, 0x3F, 0xC0, 0xC3, 0x03, 0x0C, 0x0C, 0x30, 0x30, 0xC0,
    0xC3, 0x03, 0x0C, 0x0C, 0x30, 0x30, 0xC3, 0x03, 0x0C, 0x0C, 0x30, 0x30, 0xC0, 0xCF, 0xFF, 0xFF,
    0xFF, 0xC0, 0x0F, 0x00, 0x3C, 0x00, 0xF0, 0x03, 0x7F, 0xEF, 0xFD, 0x80, 0x30, 0x06, 0x00, 0xC0,
    0x1F, 0xE3, 0xFC, 0x60, 0x0C, 0x01, 0x80, 0x30, 0x06, 0x00, 0xC0, 0x1F, 0xFB, 0xFF, 0xC3, 0x0F,
    0x0C, 0x33, 0x33, 0x0C, 0xCC, 0x33, 0x30, 0xCC, 0xC0, 0xFC, 0x03, 0xF0, 0x33, 0x30, 0xCC, 0xC3,
    0x33, 0x0C, 0xCC, 0x33, 0x30, 0xCC, 0xCC, 0x30, 0xF0, 0xC3, 0x1F, 0x83, 0xF1, 0x81, 0xB0, 0x30,
    0x06, 0x00, 0xC1, 0xE0, 0x3C, 0x00, 0x60, 0x0C, 0x01, 0x80, 0x36, 0x06, 0xC0, 0xC7, 0xE0, 0xFC,
    0x60, 0x6C, 0x0D, 0x81, 0xB0, 0x36, 0x1E, 0xC3, 0xD9, 0x9B, 0x33, 0x78, 0x6F, 0x0D, 0x81, 0xB0,
    0x36, 0x06, 0xC0, 0xD8, 0x1B, 0x03, 0x60, 0x6C, 0x0C, 0x7E, 0x0F, 0xC0, 0x00, 0x00, 0x18, 0x1B,
    0x03, 0x60, 0x6C, 0x0D, 0x87, 0xB0, 0xF6, 0x66, 0xCC, 0xDE, 0x1B, 0xC3, 0x60, 0x6C, 0x0D, 0x81,
    0xB0, 0x36, 0x06, 0xC0, 0xC0, 0x60, 0x6C, 0x0D, 0x86, 0x30, 0xC6, 0x18, 0xC3, 0x1F, 0x83, 0xF0,
    0x61, 0x8C, 0x31, 0x86, 0x30, 0xC6, 0x06, 0xC0, 0xD8, 0x1B, 0x03, 0x1F, 0xE3, 0xFC, 0x61, 0x8C,
    0x31, 0x86, 0x30, 0xC6, 0x18, 0xC3, 0x18, 0x63, 0x0D, 0x81, 0xB0, 0x36, 0x06, 0xC0, 0xD8, 0x1B,
    0x03, 0x60, 0x6C, 0x0D, 0x81, 0xB0, 0x37, 0x9E, 0xF3, 0xD9, 0x9B, 0x33, 0x66, 0x6C, 0xCD, 0x81,
    0xB0, 0x36, 0x06, 0xC0, 0xD8, 0x1B, 0x03, 0x60, 0x6C, 0x0D, 0x81, 0xB0, 0x36, 0x06, 0xC0, 0xDF,
    0xFB, 0xFF, 0x60, 0x6C, 0x0D, 0x81, 0xB0, 0x36, 0x06, 0xC0, 0xD8, 0x1B, 0x03, 0x1F, 0x83, 0xF1,
    0x81, 0xB0, 0x36, 0x06, 0xC0, 0xD8, 0x1B, 0x03, 0x60, 0x6C, 0x0D, 0x81, 0xB0, 0x36, 0x06, 0xC0,
    0xC7, 0xE0, 0xFC, 0x7F, 0xEF, 0xFD, 0x81, 0xB0, 0x36, 0x06, 0xC0, 0xD8, 0x1B, 0x03, 0x60, 0x6C,
    0x0D, 0x81, 0xB0, 0x36, 0x06, 0xC0, 0xD8, 0x1B, 0x03, 0x7F, 0x8F, 0xF1, 0x81, 0xB0, 0x36, 0x06,
    0xC0, 0xD8, 0x1B, 0x03, 0x7F, 0x8F, 0xF1, 0x80, 0x30, 0x06, 0x00, 0xC0, 0x18, 0x03, 0x00, 0x1F,
    0x83, 0xF1, 0x81, 0xB0, 0x36, 0x00, 0xC0, 0x18, 0x03, 0x00, 0x60, 0x0C, 0x01, 0x80, 0x30, 0x06,
    0x06, 0xC0, 0xC7, 0xE0, 0xFC, 0x7F, 0xEF, 0xFC, 0x18, 0x03, 0x00, 0x60, 0x0C, 0x01, 0x80, 0x30,
    0x06, 0x00, 0xC0, 0x18, 0x03, 0x00, 0x60, 0x0C, 0x01, 0x80, 0x30, 0x60, 0x6C, 0x0D, 0x81, 0xB0,
    0x36, 0x06, 0xC0, 0xC6, 0x60, 0xCC, 0x19, 0x83, 0x30, 0x18, 0x03, 0x00, 0x60, 0x0C, 0x1E, 0x03,
    0xC0, 0x06, 0x00, 0xC0, 0x7E, 0x0F, 0xC6, 0x66, 0xCC, 0xD9, 0x9B, 0x33, 0x66, 0x6C, 0xCD, 0x99,
    0xB3, 0x31, 0xF8, 0x3F, 0x01, 0x80, 0x30, 0x60, 0x6C, 0x0D, 0x81, 0xB0, 0x31, 0x98, 0x33, 0x01,
    0x80, 0x30, 0x19, 0x83, 0x31, 0x81, 0xB0, 0x36, 0x06, 0xC0, 0xD8, 0x1B, 0x03, 0x60, 0x63, 0x03,
    0x18, 0x18, 0xC0, 0xC6, 0x06, 0x30, 0x31, 0x81, 0x8C, 0x0C, 0x60, 0x63, 0x03, 0x18, 0x18, 0xC0,
    0xC6, 0x06, 0x30, 0x31, 0xFF, 0xEF, 0xFF, 0x00, 0x18, 0x00, 0xC0, 0x06, 0x00, 0x30, 0x60, 0x6C,
    0x0D, 0x81, 0xB0, 0x36, 0x06, 0xC0, 0xD8, 0x7B, 0x0F, 0x1E, 0x63, 0xCC, 0x01, 0x80, 0x30, 0x06,
    0x00, 0xC0, 0x18, 0x03, 0x66, 0x6C, 0xCD, 0x99, 0xB3, 0x36, 0x66, 0xCC, 0xD9, 0x9B, 0x33, 0x66,
    0x6C, 0xCD, 0x99, 0xB3, 0x36, 0x66, 0xCC, 0xDF, 0xFB, 0xFF, 0x66, 0x63, 0x33, 0x19, 0x98, 0xCC,
    0xC6, 0x66, 0x33, 0x31, 0x99, 0x8C, 0xCC, 0x66, 0x63, 0x33, 0x19, 0x98, 0xCC, 0xC6, 0x66, 0x33,
    0x31, 0xFF, 0xEF, 0xFF, 0x00, 0x18, 0x00, 0xC0, 0x06, 0x00, 0x30, 0xF0, 0x0F, 0x00, 0x30, 0x03,
    0x00, 0x30, 0x03, 0x00, 0x3F, 0xC3, 0xFC, 0x30, 0x33, 0x03, 0x30, 0x33, 0x03, 0x30, 0x33, 0x03,
    0x3F, 0xC3, 0xFC, 0x60, 0x6C, 0x0D, 0x81, 0xB0, 0x36, 0x06, 0xC0, 0xDE, 0x1B, 0xC3, 0x66, 0x6C,
    0xCD, 0x99, 0xB3, 0x36, 0x66, 0xCC, 0xDE, 0x1B, 0xC3, 0x60, 0x0C, 0x01, 0x80, 0x30, 0x06, 0x00,
    0xC0, 0x1F, 0xE3, 0xFC, 0x60, 0x6C, 0x0D, 0x81, 0xB0, 0x36, 0x06, 0xC0, 0xDF, 0xE3, 0xFC, 0x1F,
    0x83, 0xF1, 0x81, 0xB0, 0x30, 0x06, 0x00, 0xC1, 0xF8, 0x3F, 0x00, 0x60, 0x0C, 0x01, 0x80, 0x36,
    0x06, 0xC0, 0xC7, 0xE0, 0xFC, 0x61, 0xE3, 0x0F, 0x19, 0x86, 0xCC, 0x36, 0x61, 0xB3, 0x0D, 0xF8,
    0x6F, 0xC3, 0x66, 0x1B, 0x30, 0xD9, 0x86, 0xCC, 0x36, 0x61, 0xB3, 0x0D, 0x87, 0x8C, 0x3C, 0x1F,
    0xE3, 0xFD, 0x81, 0xB0, 0x36, 0x06, 0xC0, 0xD8, 0x1B, 0x03, 0x1F, 0xE3, 0xFC, 0x61, 0x8C, 0x36,
    0x06, 0xC0, 0xD8, 0x1B, 0x03, 0x1F, 0x83, 0xF0, 0x01, 0x80, 0x31, 0xFE, 0x3F, 0xD8, 0x1B, 0x03,
    0x61, 0xEC, 0x3C, 0x79, 0x8F, 0x30, 0x00, 0x60, 0x0C, 0x7E, 0x0F, 0xC6, 0x00, 0xC0, 0x1F, 0xE3,
    0xFC, 0x60, 0x6C, 0x0D, 0x81, 0xB0, 0x36, 0x06, 0xC0, 0xC7, 0xE0, 0xFC, 0x7F, 0x8F, 0xF1, 0x81,
    0xB0, 0x37, 0xF8, 0xFF, 0x18, 0x1B, 0x03, 0x60, 0x6C, 0x0D, 0xFE, 0x3F, 0xC0, 0x7F, 0xEF, 0xFC,
    0x61, 0x8C, 0x31, 0x80, 0x30, 0x06, 0x00, 0xC0, 0x18, 0x03, 0x01, 0xF8, 0x3F, 0x00, 0x0F, 0xF0,
    0x3F, 0xC0, 0xC3, 0x03, 0x0C, 0x0C, 0x30, 0x30, 0xC0, 0xC3, 0x03, 0x0C, 0x30, 0x30, 0xC0, 0xCF,
    0xFF, 0xFF, 0xFF, 0xC0, 0x0F, 0x00, 0x3C, 0x00, 0xF0, 0x03, 0x1F, 0x83, 0xF1, 0x81, 0xB0, 0x37,
    0xFE, 0xFF, 0xD8, 0x03, 0x00, 0x60, 0x6C, 0x0C, 0x7E, 0x0F, 0xC0, 0xC3, 0x0F, 0x0C, 0x33, 0x33,
    0x0C, 0xCC, 0x0F, 0xC0, 0x3F, 0x03, 0x33, 0x0C, 0xCC, 0x33, 0x30, 0xCC, 0xCC, 0x30, 0xF0, 0xC3,
    0x1F, 0x83, 0xF1, 0x81, 0xB0, 0x30, 0x78, 0x0F, 0x00, 0x18, 0x03, 0x60, 0x6C, 0x0C, 0x7E, 0x0F,
    0xC0, 0x60, 0x6C, 0x0D, 0x87, 0xB0, 0xF6, 0x66, 0xCC, 0xDE, 0x1B, 0xC3, 0x60, 0x6C, 0x0D, 0x81,
    0xB0, 0x30, 0x60, 0x6C, 0x0C, 0x7E, 0x0F, 0xC0, 0x00, 0x00, 0x18, 0x1B, 0x03, 0x61, 0xEC, 0x3D,
    0x99, 0xB3, 0x37, 0x86, 0xF0, 0xD8, 0x1B, 0x03, 0x60, 0x6C, 0x0C, 0x60, 0x6C, 0x0D, 0x86, 0x30,
    0xC6, 0x60, 0xCC, 0x1F, 0x83, 0xF0, 0x61, 0x8C, 0x31, 0x81, 0xB0, 0x30, 0x1F, 0xE3, 0xFC, 0x61,
    0x8C, 0x31, 0x86, 0x30, 0xC6, 0x18, 0xC3, 0x60, 0x6C, 0x0D, 0x81, 0xB0, 0x30, 0x60, 0x6C, 0x0D,
    0xE7, 0xBC, 0xF6, 0x66, 0xCC, 0xD9, 0x9B, 0x33, 0x60, 0x6C, 0x0D, 0x81, 0xB0, 0x30, 0x60, 0x6C,
    0x0D, 0x81, 0xB0, 0x37, 0xFE, 0xFF, 0xD8, 0x1B, 0x03, 0x60, 0x6C, 0x0D, 0x81, 0xB0, 0x30, 0x1F,
    0x83, 0xF1, 0x81, 0xB0, 0x36, 0x06, 0xC0, 0xD8, 0x1B, 0x03, 0x60, 0x6C, 0x0C, 0x7E, 0x0F, 0xC0,
    0x7F, 0xEF, 0xFD, 0x81, 0xB0, 0x36, 0x06, 0xC0, 0xD8, 0x1B, 0x03, 0x60, 0x6C, 0x0D, 0x81, 0xB0,
    0x30, 0x67, 0x8C, 0xF1, 0xE1, 0xBC, 0x36, 0x06, 0xC0, 0xD8, 0x1B, 0x03, 0x78, 0x6F, 0x0D, 0x9E,
    0x33, 0xC6, 0x00, 0xC0, 0x18, 0x03, 0x00, 0x1F, 0x83, 0xF1, 0x81, 0xB0, 0x36, 0x00, 0xC0, 0x18,
    0x03, 0x00, 0x60, 0x6C, 0x0C, 0x7E, 0x0F, 0xC0, 0x7F, 0xEF, 0xFC, 0x18, 0x03, 0x00, 0x60, 0x0C,
    0x01, 0x80, 0x30, 0x06, 0x00, 0xC0, 0x18, 0x03, 0x00, 0x60, 0x6C, 0x0D, 0x81, 0xB0, 0x36, 0x06,
    0xC0, 0xC6, 0x60, 0xCC, 0x19, 0x83, 0x30, 0x18, 0x03, 0x00, 0x60, 0x0C, 0x1E, 0x03, 0xC0, 0x06,
    0x00, 0xC0, 0x18, 0x03, 0x01, 0xF8, 0x3F, 0x19, 0x9B, 0x33, 0x66, 0x6C, 0xCD, 0x99, 0xB3, 0x36,
    0x66, 0xCC, 0xC7, 0xE0, 0xFC, 0x06, 0x00, 0xC0, 0x18, 0x03, 0x00, 0x60, 0x6C, 0x0C, 0x66, 0x0C,
    0xC0, 0x60, 0x0C, 0x06, 0x60, 0xCC, 0x60, 0x6C, 0x0D, 0x81, 0xB0, 0x30, 0x60, 0x63, 0x03, 0x18,
    0x18, 0xC0, 0xC6, 0x06, 0x30, 0x31, 0x81, 0x8C, 0x0C, 0x60, 0x63, 0x03, 0x1F, 0xFE, 0xFF, 0xF0,
    0x01, 0x80, 0x0C, 0x00, 0x60, 0x03, 0x60, 0x6C, 0x0D, 0x81, 0xB0, 0x36, 0x1E, 0xC3, 0xC7, 0x98,
    0xF3, 0x00, 0x60, 0x0C, 0x01, 0x80, 0x30, 0x66, 0x6C, 0xCD, 0x99, 0xB3, 0x36, 0x66, 0xCC, 0xD9,
    0x9B, 0x33, 0x66, 0x6C, 0xCD, 0xFF, 0xBF, 0xF0, 0x66, 0x63, 0x33, 0x19, 0x98, 0xCC, 0xC6, 0x66,
    0x33, 0x31, 0x99, 0x8C, 0xCC, 0x66, 0x63, 0x33, 0x1F, 0xFE, 0xFF, 0xF0, 0x01, 0x80, 0x0C, 0x00,
    0x60, 0x03, 0xF0, 0x0F, 0x00, 0x30, 0x03, 0x00, 0x3F, 0xC3, 0xFC, 0x30, 0x33, 0x03, 0x30, 0x33,
    0x03, 0x3F, 0xC3, 0xFC, 0x60, 0x6C, 0x0D, 0x81, 0xB0, 0x37, 0x86, 0xF0, 0xD9, 0x9B, 0x33, 0x66,
    0x6C, 0xCD, 0xE1, 0xBC, 0x30, 0x60, 0x0C, 0x01, 0x80, 0x30, 0x07, 0xF8, 0xFF, 0x18, 0x1B, 0x03,
    0x60, 0x6C, 0x0D, 0xFE, 0x3F, 0xC0, 0x1F, 0x83, 0xF1, 0x81, 0xB0, 0x30, 0x7E, 0x0F, 0xC0, 0x18,
    0x03, 0x60, 0x6C, 0x0C, 0x7E, 0x0F, 0xC0, 0x61, 0xE3, 0x0F, 0x19, 0x86, 0xCC, 0x37, 0xE1, 0xBF,
    0x0D, 0x98, 0x6C, 0xC3, 0x66, 0x1B, 0x30, 0xD8, 0x78, 0xC3, 0xC0, 0x1F, 0xE3, 0xFD, 0x81, 0xB0,
    0x36, 0x06, 0xC0, 0xC7, 0xF8, 0xFF, 0x18, 0x63, 0x0D, 0x81, 0xB0, 0x30, 0x18, 0x03, 0x00, 0x18,
    0x03, 0x00, 0x00, 0x00, 0x07, 0xE0, 0xFC, 0x60, 0x6C, 0x0D, 0xFF, 0xBF, 0xF6, 0x00, 0xC0, 0x18,
    0x1B, 0x03, 0x1F, 0x83, 0xF0, 0x19, 0x83, 0x30, 0x00, 0x00, 0x01, 0xF8, 0x3F, 0x18, 0x1B, 0x03,
    0x7F, 0xEF, 0xFD, 0x80, 0x30, 0x06, 0x06, 0xC0, 0xC7, 0xE0, 0xFC, 0x30, 0x03, 0x00, 0xFF, 0x0F,
    0xF0, 0x30, 0x03, 0x00, 0x33, 0xC3, 0x3C, 0x3C, 0x33, 0xC3, 0x30, 0x33, 0x03, 0x30, 0x33, 0x03,
    0x30, 0x33, 0x03, 0x00, 0x30, 0x03, 0x00, 0xC0, 0x0C, 0x01, 0x80, 0x30, 0x18, 0x03, 0x00, 0x00,
    0x00, 0x1F, 0xFB, 0xFF, 0x18, 0x63, 0x0C, 0x60, 0x0C, 0x01, 0x80, 0x30, 0x06, 0x00, 0xC0, 0x7E,
    0x0F, 0xC0, 0x1F, 0x83, 0xF1, 0x81, 0xB0, 0x37, 0xE0, 0xFC, 0x18, 0x03, 0x00, 0x60, 0x6C, 0x0C,
    0x7E, 0x0F, 0xC0, 0x1F, 0x83, 0xF1, 0x81, 0xB0, 0x31, 0xF8, 0x3F, 0x00, 0x18, 0x03, 0x60, 0x6C,
    0x0C, 0x7E, 0x0F, 0xC0, 0x06, 0x00, 0xC0, 0x00, 0x00, 0x07, 0xE0, 0xFC, 0x01, 0x80, 0x30, 0x06,
    0x00, 0xC0, 0x18, 0x03, 0x00, 0x60, 0x0C, 0x1F, 0xFB, 0xFF, 0x19, 0x83, 0x30, 0x00, 0x00, 0x07,
    0xE0, 0xFC, 0x01, 0x80, 0x30, 0x06, 0x00, 0xC0, 0x18, 0x03, 0x00, 0x60, 0x0C, 0x1F, 0xFB, 0xFF,
    0x01, 0x80, 0xC0, 0x00, 0x01, 0xF8, 0xFC, 0x06, 0x03, 0x01, 0x80, 0xC0, 0x60, 0x30, 0x18, 0x0C,
    0x06, 0x03, 0x61, 0xB0, 0xC7, 0x83, 0xC0, 0x3F, 0x00, 0xFC, 0x03, 0x30, 0x0C, 0xC0, 0x33, 0xF0,
    0xCF, 0xC3, 0x30, 0xCC, 0xC3, 0xC3, 0x0F, 0x0C, 0x3C, 0x3F, 0x30, 0xFC, 0xC3, 0x03, 0x0C, 0x0C,
    0x30, 0x30, 0xC0, 0xFF, 0xF3, 0xFF, 0xCC, 0x30, 0xF0, 0xC3, 0xC3, 0x0F, 0x0C, 0x3C, 0x3F, 0x30,
    0xFC, 0x30, 0x03, 0x00, 0xFF, 0x0F, 0xF0, 0x30, 0x03, 0x00, 0x33, 0xC3, 0x3C, 0x3C, 0x33, 0xC3,
    0x30, 0x33, 0x03, 0x30, 0x33, 0x03, 0x30, 0x33, 0x03, 0x01, 0x80, 0x30, 0x18, 0x03, 0x00, 0x00,
    0x00, 0x18, 0x1B, 0x03, 0x61, 0x8C, 0x31, 0x98, 0x33, 0x07, 0xE0, 0xFC, 0x18, 0x63, 0x0C, 0x60,
    0x6C, 0x0C, 0x18, 0x03, 0x00, 0x18, 0x03, 0x00, 0x00, 0x00, 0x18, 0x1B, 0x03, 0x61, 0xEC, 0x3D,
    0x99, 0xB3, 0x37, 0x86, 0xF0, 0xD8, 0x1B, 0x03, 0x60, 0x6C, 0x0C, 0x60, 0x6C, 0x0C, 0x7E, 0x0F,
    0xC0, 0x00, 0x00, 0x18, 0x1B, 0x03, 0x60, 0x6C, 0x0D, 0x81, 0xB0, 0x31, 0x98, 0x33, 0x06, 0x60,
    0xCC, 0x06, 0x00, 0xC0, 0x18, 0x03, 0x07, 0x80, 0xF0, 0x00, 0x60, 0x6C, 0x0D, 0x81, 0xB0, 0x36,
    0x06, 0xC0, 0xD8, 0x1B, 0x03, 0x60, 0x6C, 0x0D, 0xFF, 0xBF, 0xF0, 0x60, 0x0C, 0x01, 0x80, 0x30,
    0x30, 0x03, 0x00, 0xFF, 0x0F, 0xF0, 0x30, 0x03, 0x00, 0x3F, 0xC3, 0xFC, 0x30, 0x33, 0x03, 0x30,
    0x33, 0x03, 0x30, 0x33, 0x03, 0x3F, 0xC3, 0xFC, 0x30, 0x03, 0x00, 0x30, 0x03, 0x00, 0xFF, 0x0F,
    0xF0, 0x30, 0x03, 0x00, 0x3F, 0xC3, 0xFC, 0x30, 0x33, 0x03, 0x30, 0x33, 0x03, 0x3F, 0xC3, 0xFC,
    0x60, 0x1B, 0x00, 0xD8, 0x18, 0xC0, 0xC6, 0x06, 0x30, 0x31, 0x81, 0x8C, 0x0C, 0x60, 0x63, 0x03,
    0x06, 0x60, 0x33, 0x01, 0x98, 0x0C, 0xC0, 0x18, 0x00, 0xC0, 0x60, 0x1B, 0x00, 0xD8, 0x18, 0xC0,
    0xC6, 0x06, 0x30, 0x30, 0x66, 0x03, 0x30, 0x19, 0x80, 0xCC, 0x01, 0x80, 0x0C, 0x00, 0x60, 0x63,
    0x03, 0x07, 0xE0, 0x3F, 0x00, 0x00, 0x00, 0x01, 0x81, 0x8C, 0x0C, 0x60, 0x63, 0x03, 0x18, 0x78,
    0xC3, 0xC6, 0x66, 0x33, 0x31, 0xE1, 0x8F, 0x0C, 0x60, 0x63, 0x03, 0x18, 0x18, 0xC0, 0xC6, 0x07,
    0xB0, 0x3C, 0x00, 0x60, 0x03, 0x00, 0x60, 0x03, 0x00, 0x60, 0x63, 0x03, 0x07, 0xE0, 0x3F, 0x00,
    0x00, 0x00, 0x01, 0x81, 0x8C, 0x0C, 0x61, 0xE3, 0x0F, 0x19, 0x98, 0xCC, 0xC7, 0x86, 0x3C, 0x31,
    0x81, 0x8C, 0x0C, 0x60, 0x7B, 0x03, 0xC0, 0x06, 0x00, 0x30, 0x06, 0x00, 0x30, 0x30, 0x03, 0x00,
    0xFF, 0x0F, 0xF0, 0x30, 0x03, 0x00, 0x3F, 0xC3, 0xFC, 0x30, 0x33, 0x03, 0x30, 0x33, 0x03, 0x30,
    0x33, 0x03, 0x3F, 0xC3, 0xFC, 0x30, 0x03, 0x00, 0x30, 0x03, 0x00, 0xFF, 0x0F, 0xF0, 0x30, 0x03,
    0x00, 0x3F, 0xC3, 0xFC, 0x30, 0x33, 0x03, 0x30, 0x33, 0x03, 0x3F, 0xC3, 0xFC, 0x7F, 0x8F, 0xF1,
    0x81, 0xB0, 0x36, 0x06, 0xC0, 0xD9, 0x9B, 0x33, 0x7F, 0x8F, 0xF1, 0x81, 0xB0, 0x36, 0x00, 0xC0,
    0x18, 0x03, 0x00, 0x67, 0x83, 0x3C, 0x1E, 0x18, 0xF0, 0xC6, 0x06, 0x30, 0x31, 0x99, 0x8C, 0xCC,
    0x79, 0xE3, 0xCF, 0x19, 0xF8, 0xCF, 0xC6, 0x01, 0xB0, 0x0D, 0x80, 0x0C, 0x00, 0x00, 0x60, 0x0D,
    0xFF, 0xBF, 0xF1, 0x86, 0x30, 0xC6, 0x00, 0xC0, 0x18, 0x03, 0x00, 0x60, 0x0C, 0x01, 0x80, 0x30,
    0x06, 0x00, 0xC0, 0x7E, 0x0F, 0xC0, 0x00, 0x60, 0x0D, 0xFF, 0xBF, 0xF1, 0x86, 0x30, 0xC6, 0x00,
    0xC0, 0x18, 0x03, 0x00, 0x60, 0x0C, 0x07, 0xE0, 0xFC, 0x00, 0x3F, 0xF3, 0xFF, 0x30, 0x03, 0x00,
    0x30, 0x03, 0x00, 0xFF, 0xCF, 0xFC, 0x30, 0x03, 0x00, 0x30, 0x03, 0x00, 0x30, 0x03, 0x00, 0x30,
    0x03, 0x00, 0x3F, 0xF3, 0xFF, 0x30, 0x03, 0x00, 0xFF, 0xCF, 0xFC, 0x30, 0x03, 0x00, 0x30, 0x03,
    0x00, 0x30, 0x03, 0x00, 0x7F, 0x8F, 0xF1, 0x80, 0x30, 0x06, 0x00, 0xC0, 0x19, 0xE3, 0x3C, 0x78,
    0x6F, 0x0D, 0x81, 0xB0, 0x36, 0x06, 0xC0, 0xD8, 0x1B, 0x03, 0x00, 0x60, 0x0C, 0x06, 0x00, 0xC0,
    0x7F, 0x8F, 0xF1, 0x80, 0x30, 0x06, 0x78, 0xCF, 0x1E, 0x1B, 0xC3, 0x60, 0x6C, 0x0D, 0x81, 0xB0,
    0x30, 0x06, 0x00, 0xC0, 0x60, 0x0C, 0xC3, 0x0F, 0x0C, 0x33, 0x33, 0x0C, 0xCC, 0x33, 0x30, 0xCC,
    0xC0, 0xFC, 0x03, 0xF0, 0x33, 0x30, 0xCC, 0xC3, 0x33, 0x0C, 0xCC, 0x33, 0x30, 0xCC, 0xCC, 0x30,
    0xF0, 0xC3, 0x00, 0x0C, 0x00, 0x30, 0x00, 0xC0, 0x03, 0xC3, 0x0F, 0x0C, 0x33, 0x33, 0x0C, 0xCC,
    0x0F, 0xC0, 0x3F, 0x03, 0x33, 0x0C, 0xCC, 0x33, 0x30, 0xCC, 0xCC, 0x30, 0xF0, 0xC3, 0x00, 0x0C,
    0x00, 0x30, 0x00, 0xC0, 0x03, 0x1F, 0x83, 0xF1, 0x81, 0xB0, 0x30, 0x06, 0x00, 0xC1, 0xE0, 0x3C,
    0x00, 0x60, 0x0C, 0x01, 0x80, 0x36, 0x06, 0xC0, 0xC7, 0xE0, 0xFC, 0x06, 0x00, 0xC0, 0x06, 0x00,
    0xC0, 0x60, 0x0C, 0x00, 0x1F, 0x83, 0xF1, 0x81, 0xB0, 0x30, 0x78, 0x0F, 0x00, 0x18, 0x03, 0x60,
    0x6C, 0x0C, 0x7E, 0x0F, 0xC0, 0x60, 0x0C, 0x00, 0x60, 0x0C, 0x06, 0x00, 0xC0, 0x60, 0x63, 0x03,
    0x18, 0x60, 0xC3, 0x06, 0x18, 0x30, 0xC1, 0xF8, 0x0F, 0xC0, 0x61, 0x83, 0x0C, 0x18, 0x60, 0xC3,
    0x06, 0x06, 0x30, 0x31, 0x81, 0xEC, 0x0F, 0x00, 0x18, 0x00, 0xC0, 0x06, 0x00, 0x30, 0x60, 0x63,
    0x03, 0x18, 0x60, 0xC3, 0x06, 0x60, 0x33, 0x01, 0xF8, 0x0F, 0xC0, 0x61, 0x83, 0x0C, 0x18, 0x1E,
    0xC0, 0xF0, 0x01, 0x80, 0x0C, 0x00, 0x60, 0x03, 0x30, 0x33, 0x03, 0xFC, 0xCF, 0xCC, 0x30, 0xC3,
    0x0C, 0x3F, 0x03, 0xF0, 0x30, 0xC3, 0x0C, 0x30, 0xC3, 0x0C, 0x30, 0x33, 0x03, 0x30, 0x33, 0x03,
    0x30, 0x03, 0x00, 0xFC, 0x0F, 0xC0, 0x30, 0x33, 0x03, 0x30, 0xC3, 0x0C, 0x33, 0x03, 0x30, 0x3F,
    0x03, 0xF0, 0x30, 0xC3, 0x0C, 0x30, 0x33, 0x03, 0xF0, 0x3F, 0x03, 0x30, 0xC3, 0x0C, 0x30, 0xC3,
    0x0C, 0x3F, 0x03, 0xF0, 0x30, 0xC3, 0x0C, 0x30, 0xC3, 0x0C, 0x30, 0x33, 0x03, 0x30, 0x33, 0x03,
    0xF0, 0x3F, 0x03, 0x30, 0xC3, 0x0C, 0x33, 0x03, 0x30, 0x3F, 0x03, 0xF0, 0x30, 0xC3, 0x0C, 0x30,
    0x33, 0x03, 0x60, 0x63, 0x03, 0x18, 0x18, 0xC0, 0xC6, 0x06, 0x30, 0x31, 0xFF, 0x8F, 0xFC, 0x60,
    0x63, 0x03, 0x18, 0x18, 0xC0, 0xC6, 0x06, 0x30, 0x31, 0x81, 0xEC, 0x0F, 0x00, 0x18, 0x00, 0xC0,
    0x06, 0x00, 0x30, 0x60, 0x63, 0x03, 0x18, 0x18, 0xC0, 0xC7, 0xFE, 0x3F, 0xF1, 0x81, 0x8C, 0x0C,
    0x60, 0x63, 0x03, 0x18, 0x1E, 0xC0, 0xF0, 0x01, 0x80, 0x0C, 0x00, 0x60, 0x03, 0x60, 0x7B, 0x03,
    0xD8, 0x18, 0xC0, 0xC6, 0x06, 0x30, 0x31, 0xFF, 0x8F, 0xFC, 0x60, 0x63, 0x03, 0x18, 0x18, 0xC0,
    0xC6, 0x06, 0x30, 0x31, 0x81, 0x8C, 0x0C, 0x60, 0x7B, 0x03, 0xD8, 0x18, 0xC0, 0xC7, 0xFE, 0x3F,
    0xF1, 0x81, 0x8C, 0x0C, 0x60, 0x63, 0x03, 0x18, 0x18, 0xC0, 0xC0, 0x7E, 0x0F, 0xC1, 0x98, 0x33,
    0x06, 0x60, 0xCC, 0x19, 0xE3, 0x3C, 0x66, 0x6C, 0xCD, 0x99, 0xB3, 0x36, 0x66, 0xCC, 0xD9, 0x9B,
    0x33, 0x00, 0x60, 0x0C, 0x06, 0x00, 0xC0, 0x7E, 0x0F, 0xC1, 0x98, 0x33, 0x06, 0x78, 0xCF, 0x19,
    0x9B, 0x33, 0x66, 0x6C, 0xCD, 0x99, 0xB3, 0x30, 0x06, 0x00, 0xC0, 0x60, 0x0C, 0x06, 0x00, 0xC0,
    0x60, 0x0C, 0x06, 0x18, 0xC3, 0x19, 0x9B, 0x33, 0x66, 0x6C, 0xCD, 0x99, 0xB3, 0x36, 0x66, 0xCC,
    0xD8, 0x63, 0x0C, 0x1E, 0x63, 0xCC, 0x18, 0x03, 0x01, 0x86, 0x30, 0xC6, 0x66, 0xCC, 0xD9, 0x9B,
    0x33, 0x66, 0x6C, 0xCD, 0x86, 0x30, 0xC1, 0xE6, 0x3C, 0xC0, 0x1F, 0x83, 0xF1, 0x81, 0xB0, 0x36,
    0x00, 0xC0, 0x18, 0x03, 0x00, 0x60, 0x0C, 0x01, 0x80, 0x30, 0x06, 0x06, 0xC0, 0xC7, 0xE0, 0xFC,
    0x06, 0x00, 0xC0, 0x06, 0x00, 0xC0, 0x60, 0x0C, 0x00, 0x1F, 0x83, 0xF1, 0x81, 0xB0, 0x36, 0x00,
    0xC0, 0x18, 0x03, 0x00, 0x60, 0x6C, 0x0C, 0x7E, 0x0F, 0xC0, 0x60, 0x0C, 0x00, 0x60, 0x0C, 0x06,
    0x00, 0xC0, 0x7F, 0xEF, 0xFC, 0x18, 0x03, 0x00, 0x60, 0x0C, 0x01, 0x80, 0x30, 0x06, 0x00, 0xC0,
    0x18, 0x03, 0x00, 0x60, 0x0C, 0x01, 0xE0, 0x3C, 0x01, 0x80, 0x30, 0x06, 0x00, 0xC0, 0x7F, 0xEF,
    0xFC, 0x18, 0x03, 0x00, 0x60, 0x0C, 0x01, 0x80, 0x30, 0x06, 0x00, 0xC0, 0x1E, 0x03, 0xC0, 0x18,
    0x03, 0x00, 0x60, 0x0C, 0x60, 0x6C, 0x0D, 0x81, 0xB0, 0x36, 0x06, 0xC0, 0xC6, 0x60, 0xCC, 0x06,
    0x00, 0xC0, 0x18, 0x03, 0x00, 0x60, 0x0C, 0x01, 0x80, 0x30, 0x60, 0x6C, 0x0D, 0x81, 0xB0, 0x36,
    0x06, 0xC0, 0xC6, 0x60, 0xCC, 0x19, 0x83, 0x30, 0x18, 0x03, 0x00, 0x60, 0x0C, 0x01, 0x80, 0x30,
    0x60, 0x6C, 0x0D, 0x81, 0xB0, 0x36, 0x06, 0xC0, 0xC6, 0x60, 0xCC, 0x06, 0x00, 0xC0, 0x7E, 0x0F,
    0xC0, 0x60, 0x0C, 0x01, 0x80, 0x30, 0x60, 0x6C, 0x0D, 0x81, 0xB0, 0x36, 0x06, 0xC0, 0xC6, 0x60,
    0xCC, 0x19, 0x83, 0x30, 0x18, 0x03, 0x01, 0xF8, 0x3F, 0x01, 0x80, 0x30, 0x60, 0x63, 0x03, 0x18,
    0x18, 0xC0, 0xC1, 0x98, 0x0C, 0xC0, 0x18, 0x00, 0xC0, 0x19, 0x80, 0xCC, 0x18, 0x18, 0xC0, 0xC6,
    0x06, 0x30, 0x31, 0x81, 0xEC, 0x0F, 0x00, 0x18, 0x00, 0xC0, 0x06, 0x00, 0x30, 0x60, 0x63, 0x03,
    0x06, 0x60, 0x33, 0x00, 0x60, 0x03, 0x00, 0x66, 0x03, 0x30, 0x60, 0x63, 0x03, 0x18, 0x1E, 0xC0,
    0xF0, 0x01, 0x80, 0x0C, 0x00, 0x60, 0x03, 0xFC, 0x33, 0xF0, 0xC3, 0x03, 0x0C, 0x0C, 0x30, 0x30,
    0xC0, 0xC3, 0x03, 0x0C, 0x0C, 0x30, 0x30, 0xC0, 0xC3, 0x03, 0x0C, 0x0C, 0x30, 0x30, 0xC0, 0xC3,
    0xFF, 0xCF, 0xFF, 0x00, 0x0C, 0x00, 0x30, 0x00, 0xC0, 0x03, 0xFC, 0x33, 0xF0, 0xC3, 0x03, 0x0C,
    0x0C, 0x30, 0x30, 0xC0, 0xC3, 0x03, 0x0C, 0x0C, 0x30, 0x30, 0xC0, 0xC3, 0xFF, 0xCF, 0xFF, 0x00,
    0x0C, 0x00, 0x30, 0x00, 0xC0, 0x03, 0x60, 0x63, 0x03, 0x18, 0x18, 0xC0, 0xC6, 0x06, 0x30, 0x31,
    0x87, 0x8C, 0x3C, 0x1E, 0x60, 0xF3, 0x00, 0x18, 0x00, 0xC0, 0x06, 0x00, 0x30, 0x01, 0xE0, 0x0F,
    0x00, 0x18, 0x00, 0xC0, 0x06, 0x00, 0x30, 0x60, 0x63, 0x03, 0x18, 0x18, 0xC0, 0xC6, 0x1E, 0x30,
    0xF0, 0x79, 0x83, 0xCC, 0x00, 0x60, 0x03, 0x00, 0x1E, 0x00, 0xF0, 0x01, 0x80, 0x0C, 0x00, 0x60,
    0x03, 0x60, 0x0C, 0x01, 0x80, 0x30, 0x06, 0x00, 0xC0, 0x19, 0xE3, 0x3C, 0x78, 0x6F, 0x0D, 0x81,
    0xB0, 0x36, 0x06, 0xC0, 0xD8, 0x1B, 0x03, 0x60, 0x0C, 0x01, 0x80, 0x30, 0x06, 0x78, 0xCF, 0x1E,
    0x1B, 0xC3, 0x60, 0x6C, 0x0D, 0x81, 0xB0, 0x36, 0x06, 0xC0, 0xD8, 0x1B, 0x03, 0x0F, 0xC0, 0xFC,
    0x30, 0x33, 0x03, 0x30, 0x33, 0x03, 0xFF, 0xFF, 0xFF, 0x30, 0x03, 0x00, 0x30, 0x03, 0x00, 0x30,
    0x33, 0x03, 0x0F, 0xC0, 0xFC, 0x0F, 0xC0, 0xFC, 0x30, 0x33, 0x03, 0xFF, 0xFF, 0xFF, 0x30, 0x03,
    0x00, 0x30, 0x33, 0x03, 0x0F, 0xC0, 0xFC, 0x0F, 0xC0, 0xFC, 0x30, 0x33, 0x03, 0x30, 0x33, 0x03,
    0xFF, 0xFF, 0xFF, 0x30, 0x03, 0x00, 0x30, 0x03, 0x00, 0x30, 0x33, 0x03, 0x0F, 0xC0, 0xFC, 0x03,
    0x00, 0x30, 0x03, 0x00, 0x30, 0x0F, 0xC0, 0xFC, 0x30, 0x33, 0x03, 0xFF, 0xFF, 0xFF, 0x30, 0x03,
    0x00, 0x30, 0x33, 0x03, 0x0F, 0xC0, 0xFC, 0x03, 0x00, 0x30, 0x03, 0x00, 0x30, 0x7F, 0xEF, 0xFC,
    0x18, 0x03, 0x00, 0x60, 0x0C, 0x01, 0x80, 0x30, 0x06, 0x00, 0xC0, 0x18, 0x03, 0x00, 0x60, 0x0C,
    0x1F, 0xFB, 0xFF, 0x30, 0x30, 0xC0, 0xC0, 0xFC, 0x03, 0xF0, 0x00, 0x00, 0x00, 0x0C, 0x30, 0xF0,
    0xC3, 0x33, 0x30, 0xCC, 0xC3, 0x33, 0x0C, 0xCC, 0x0F, 0xC0, 0x3F, 0x03, 0x33, 0x0C, 0xCC, 0x33,
    0x30, 0xCC, 0xC3, 0x33, 0x0C, 0xCC, 0xC3, 0x0F, 0x0C, 0x30, 0x30, 0x30, 0xC0, 0xC0, 0xFC, 0x03,
    0xF0, 0x00, 0x00, 0x00, 0x0C, 0x30, 0xF0, 0xC3, 0x33, 0x30, 0xCC, 0xC0, 0xFC, 0x03, 0xF0, 0x33,
    0x30, 0xCC, 0xC3, 0x33, 0x0C, 0xCC, 0xC3, 0x0F, 0x0C, 0x30, 0x60, 0x6C, 0x0D, 0x86, 0x30, 0xC6,
    0x18, 0xC3, 0x1F, 0x83, 0xF0, 0x61, 0x8C, 0x31, 0x81, 0xB0, 0x36, 0x06, 0xC0, 0xD8, 0x1B, 0x03,
    0x00, 0x60, 0x0C, 0x06, 0x00, 0xC0, 0x60, 0x6C, 0x0D, 0x86, 0x30, 0xC6, 0x60, 0xCC, 0x1F, 0x83,
    0xF0, 0x61, 0x8C, 0x31, 0x81, 0xB0, 0x30, 0x06, 0x00, 0xC0, 0x60, 0x0C, 0x1F, 0xE0, 0xFF, 0x06,
    0x18, 0x30, 0xC1, 0x86, 0x0C, 0x30, 0x61, 0x83, 0x0C, 0x18, 0x60, 0xC3, 0x18, 0x18, 0xC0, 0xC6,
    0x06, 0x30, 0x31, 0x81, 0xEC, 0x0F, 0x00, 0x18, 0x00, 0xC0, 0x18, 0x00, 0xC0, 0x1F, 0xE0, 0xFF,
    0x06, 0x18, 0x30, 0xC1, 0x86, 0x0C, 0x30, 0x61, 0x83, 0x0C, 0x60, 0x63, 0x03, 0x18, 0x1E, 0xC0,
    0xF0, 0x01, 0x80, 0x0C, 0x01, 0x80, 0x0C, 0x60, 0x6C, 0x0D, 0x81, 0xB0, 0x36, 0x06, 0xC0, 0xDF,
    0xFB, 0xFF, 0x60, 0x6C, 0x0D, 0x81, 0xB0, 0x36, 0x06, 0xC0, 0xD8, 0x1B, 0x03, 0x00, 0x60, 0x0C,
    0x06, 0x00, 0xC0, 0x60, 0x6C, 0x0D, 0x81, 0xB0, 0x37, 0xFE, 0xFF, 0xD8, 0x1B, 0x03, 0x60, 0x6C,
    0x0D, 0x81, 0xB0, 0x30, 0x06, 0x00, 0xC0, 0x60, 0x0C, 0x60, 0x63, 0x03, 0x18, 0x18, 0xC0, 0xC6,
    0x06, 0x30, 0x31, 0xFF, 0x8F, 0xFC, 0x60, 0x63, 0x03, 0x18, 0x18, 0xC0, 0xC6, 0x06, 0x30, 0x31,
    0x81, 0xEC, 0x0F, 0x00, 0x18, 0x00, 0xC0, 0x18, 0x00, 0xC0, 0x60, 0x63, 0x03, 0x18, 0x18, 0xC0,
    0xC7, 0xFE, 0x3F, 0xF1, 0x81, 0x8C, 0x0C, 0x60, 0x63, 0x03, 0x18, 0x1E, 0xC0, 0xF0, 0x01, 0x80,
    0x0C, 0x01, 0x80, 0x0C, 0x60, 0x6C, 0x0D, 0x81, 0xB0, 0x36, 0x06, 0xC0, 0xD8, 0x7B, 0x0F, 0x1E,
    0x63, 0xCC, 0x01, 0x80, 0x30, 0x06, 0x00, 0xC0, 0x78, 0x0F, 0x01, 0x80, 0x30, 0x06, 0x00, 0xC0,
    0x60, 0x6C, 0x0D, 0x81, 0xB0, 0x36, 0x1E, 0xC3, 0xC7, 0x98, 0xF3, 0x00, 0x60, 0x0C, 0x07, 0x80,
    0xF0, 0x18, 0x03, 0x00, 0x60, 0x0C, 0x60, 0x63, 0x03, 0x18, 0x18, 0xC0, 0xC7, 0x9E, 0x3C, 0xF1,
    0x99, 0x8C, 0xCC, 0x66, 0x63, 0x33, 0x18, 0x18, 0xC0, 0xC6, 0x06, 0x30, 0x31, 0x81, 0xEC, 0x0F,
    0x00, 0x18, 0x00, 0xC0, 0x18, 0x00, 0xC0, 0x60, 0x63, 0x03, 0x1E, 0x78, 0xF3, 0xC6, 0x66, 0x33,
    0x31, 0x99, 0x8C, 0xCC, 0x60, 0x63, 0x03, 0x18, 0x1E, 0xC0, 0xF0, 0x01, 0x80, 0x0C, 0x01, 0x80,
    0x0C, 0x7F, 0xEF, 0xFC, 0x18, 0x03, 0x00, 0x60, 0x0C, 0x01, 0x80, 0x30, 0x06, 0x00, 0xC0, 0x18,
    0x03, 0x00, 0x60, 0x0C, 0x1F, 0xFB, 0xFF, 0x60, 0x6C, 0x0C, 0x7E, 0x0F, 0xC0, 0x00, 0x00, 0x01,
    0x80, 0x30, 0x19, 0x83, 0x31, 0x81, 0xB0, 0x36, 0x06, 0xC0, 0xDF, 0xFB, 0xFF, 0x60, 0x6C, 0x0D,
    0x81, 0xB0, 0x36, 0x06, 0xC0, 0xC0, 0x60, 0x6C, 0x0C, 0x7E, 0x0F, 0xC0, 0x00, 0x00, 0x07, 0xE0,
    0xFC, 0x00, 0x60, 0x0C, 0x7F, 0x8F, 0xF6, 0x06, 0xC0, 0xD8, 0x7B, 0x0F, 0x1E, 0x63, 0xCC, 0x19,
    0x83, 0x30, 0x00, 0x00, 0x00, 0x60, 0x0C, 0x06, 0x60, 0xCC, 0x60, 0x6C, 0x0D, 0x81, 0xB0, 0x37,
    0xFE, 0xFF, 0xD8, 0x1B, 0x03, 0x60, 0x6C, 0x0D, 0x81, 0xB0, 0x30, 0x19, 0x83, 0x30, 0x00, 0x00,
    0x01, 0xF8, 0x3F, 0x00, 0x18, 0x03, 0x1F, 0xE3, 0xFD, 0x81, 0xB0, 0x36, 0x1E, 0xC3, 0xC7, 0x98,
    0xF3, 0x0F, 0xFC, 0x3F, 0xF3, 0x30, 0x0C, 0xC0, 0xC3, 0x03, 0x0C, 0x0C, 0x3F, 0x30, 0xFC, 0xFF,
    0x03, 0xFC, 0x0C, 0x30, 0x30, 0xC0, 0xC3, 0x03, 0x0C, 0x0C, 0x3F, 0xF0, 0xFF, 0x3C, 0xF0, 0xF3,
    0xC0, 0x30, 0xC0, 0xC3, 0x3F, 0xFC, 0xFF, 0xFC, 0x30, 0x30, 0xC0, 0xC3, 0x0F, 0x0C, 0x33, 0xCF,
    0x0F, 0x3C, 0x60, 0x6C, 0x0C, 0x7E, 0x0F, 0xC0, 0x00, 0x00, 0x1F, 0xFB, 0xFF, 0x60, 0x0C, 0x01,
    0x80, 0x30, 0x07, 0xF8, 0xFF, 0x18, 0x03, 0x00, 0x60, 0x0C, 0x01, 0x80, 0x30, 0x07, 0xFE, 0xFF,
    0xC0, 0x60, 0x6C, 0x0C, 0x7E, 0x0F, 0xC0, 0x00, 0x00, 0x07, 0xE0, 0xFC, 0x60, 0x6C, 0x0D, 0xFF,
    0xBF, 0xF6, 0x00, 0xC0, 0x18, 0x1B, 0x03, 0x1F, 0x83, 0xF0, 0x0C, 0xC0, 0x33, 0x00, 0x00, 0x00,
    0x00, 0xC3, 0x0F, 0x0C, 0x33, 0x33, 0x0C, 0xCC, 0x33, 0x30, 0xCC, 0xC0, 0xFC, 0x03, 0xF0, 0x33,
    0x30, 0xCC, 0xC3, 0x33, 0x0C, 0xCC, 0x33, 0x30, 0xCC, 0xCC, 0x30, 0xF0, 0xC3, 0x0C, 0xC0, 0x33,
    0x00, 0x00, 0x00, 0x00, 0xC3, 0x0F, 0x0C, 0x33, 0x33, 0x0C, 0xCC, 0x0F, 0xC0, 0x3F, 0x03, 0x33,
    0x0C, 0xCC, 0x33, 0x30, 0xCC, 0xCC, 0x30, 0xF0, 0xC3, 0x19, 0x83, 0x30, 0x00, 0x00, 0x01, 0xF8,
    0x3F, 0x18, 0x1B, 0x03, 0x00, 0x60, 0x0C, 0x1E, 0x03, 0xC0, 0x06, 0x00, 0xC0, 0x18, 0x03, 0x60,
    0x6C, 0x0C, 0x7E, 0x0F, 0xC0, 0x19, 0x83, 0x30, 0x00, 0x00, 0x01, 0xF8, 0x3F, 0x18, 0x1B, 0x03,
    0x07, 0x80, 0xF0, 0x01, 0x80, 0x36, 0x06, 0xC0, 0xC7, 0xE0, 0xFC, 0x7F, 0xEF, 0xFC, 0x06, 0x00,
    0xC0, 0x60, 0x0C, 0x00, 0x60, 0x0C, 0x00, 0x60, 0x0C, 0x01, 0x80, 0x36, 0x06, 0xC0, 0xC7, 0xE0,
    0xFC, 0x7F, 0xEF, 0xFC, 0x06, 0x00, 0xC0, 0x60, 0x0C, 0x00, 0x60, 0x0C, 0x00, 0x60, 0x0C, 0x01,
    0x80, 0x36, 0x06, 0xC0, 0xC7, 0xE0, 0xFC, 0x1F, 0x83, 0xF0, 0x00, 0x00, 0x06, 0x06, 0xC0, 0xD8,
    0x1B, 0x03, 0x61, 0xEC, 0x3D, 0x99, 0xB3, 0x37, 0x86, 0xF0, 0xD8, 0x1B, 0x03, 0x60, 0x6C, 0x0D,
    0x81, 0xB0, 0x30, 0x1F, 0x83, 0xF0, 0x00, 0x00, 0x06, 0x06, 0xC0, 0xD8, 0x7B, 0x0F, 0x66, 0x6C,
    0xCD, 0xE1, 0xBC, 0x36, 0x06, 0xC0, 0xD8, 0x1B, 0x03, 0x19, 0x83, 0x30, 0x00, 0x00, 0x06, 0x06,
    0xC0, 0xD8, 0x1B, 0x03, 0x61, 0xEC, 0x3D, 0x99, 0xB3, 0x37, 0x86, 0xF0, 0xD8, 0x1B, 0x03, 0x60,
    0x6C, 0x0D, 0x81, 0xB0, 0x30, 0x19, 0x83, 0x30, 0x00, 0x00, 0x06, 0x06, 0xC0, 0xD8, 0x7B, 0x0F,
    0x66, 0x6C, 0xCD, 0xE1, 0xBC, 0x36, 0x06, 0xC0, 0xD8, 0x1B, 0x03, 0x19, 0x83, 0x30, 0x00, 0x00,
    0x01, 0xF8, 0x3F, 0x18, 0x1B, 0x03, 0x60, 0x6C, 0x0D, 0x81, 0xB0, 0x36, 0x06, 0xC0, 0xD8, 0x1B,
    0x03, 0x60, 0x6C, 0x0C, 0x7E, 0x0F, 0xC0, 0x19, 0x83, 0x30, 0x00, 0x00, 0x01, 0xF8, 0x3F, 0x18,
    0x1B, 0x03, 0x60, 0x6C, 0x0D, 0x81, 0xB0, 0x36, 0x06, 0xC0, 0xC7, 0xE0, 0xFC, 0x1F, 0x83, 0xF1,
    0x81, 0xB0, 0x36, 0x06, 0xC0, 0xDF, 0xFB, 0xFF, 0x60, 0x6C, 0x0D, 0x81, 0xB0, 0x36, 0x06, 0xC0,
    0xC7, 0xE0, 0xFC, 0x1F, 0x83, 0xF1, 0x81, 0xB0, 0x37, 0xFE, 0xFF, 0xD8, 0x1B, 0x03, 0x60, 0x6C,
    0x0C, 0x7E, 0x0F, 0xC0, 0x19, 0x83, 0x30, 0x00, 0x00, 0x01, 0xF8, 0x3F, 0x18, 0x1B, 0x03, 0x60,
    0x6C, 0x0D, 0xFF, 0xBF, 0xF6, 0x06, 0xC0, 0xD8, 0x1B, 0x03, 0x60, 0x6C, 0x0C, 0x7E, 0x0F, 0xC0,
    0x19, 0x83, 0x30, 0x00, 0x00, 0x01, 0xF8, 0x3F, 0x18, 0x1B, 0x03, 0x7F, 0xEF, 0xFD, 0x81, 0xB0,
    0x36, 0x06, 0xC0, 0xC7, 0xE0, 0xFC, 0x19, 0x83, 0x30, 0x00, 0x00, 0x01, 0xF8, 0x3F, 0x18, 0x1B,
    0x03, 0x00, 0x60, 0x0C, 0x1F, 0x83, 0xF0, 0x06, 0x00, 0xC0, 0x18, 0x03, 0x60, 0x6C, 0x0C, 0x7E,
    0x0F, 0xC0, 0x19, 0x83, 0x30, 0x00, 0x00, 0x01, 0xF8, 0x3F, 0x18, 0x1B, 0x03, 0x07, 0xE0, 0xFC,
    0x01, 0x80, 0x36, 0x06, 0xC0, 0xC7, 0xE0, 0xFC, 0x1F, 0x83, 0xF0, 0x00, 0x00, 0x06, 0x06, 0xC0,
    0xD8, 0x1B, 0x03, 0x60, 0x6C, 0x0C, 0x66, 0x0C, 0xC1, 0x98, 0x33, 0x01, 0x80, 0x30, 0x06, 0x00,
    0xC1, 0xE0, 0x3C, 0x00, 0x1F, 0x83, 0xF0, 0x00, 0x00, 0x06, 0x06, 0xC0, 0xD8, 0x1B, 0x03, 0x60,
    0x6C, 0x0C, 0x66, 0x0C, 0xC1, 0x98, 0x33, 0x01, 0x80, 0x30, 0x06, 0x00, 0xC1, 0xE0, 0x3C, 0x00,
    0x19, 0x83, 0x30, 0x00, 0x00, 0x06, 0x06, 0xC0, 0xD8, 0x1B, 0x03, 0x60, 0x6C, 0x0C, 0x66, 0x0C,
    0xC1, 0x98, 0x33, 0x01, 0x80, 0x30, 0x06, 0x00, 0xC1, 0xE0, 0x3C, 0x00, 0x19, 0x83, 0x30, 0x00,
    0x00, 0x06, 0x06, 0xC0, 0xD8, 0x1B, 0x03, 0x60, 0x6C, 0x0C, 0x66, 0x0C, 0xC1, 0x98, 0x33, 0x01,
    0x80, 0x30, 0x06, 0x00, 0xC1, 0xE0, 0x3C, 0x00, 0x19, 0x83, 0x30, 0x66, 0x0C, 0xC0, 0x00, 0x00,
    0x18, 0x1B, 0x03, 0x60, 0x6C, 0x0D, 0x81, 0xB0, 0x31, 0x98, 0x33, 0x06, 0x60, 0xCC, 0x06, 0x00,
    0xC0, 0x18, 0x03, 0x07, 0x80, 0xF0, 0x00, 0x19, 0x83, 0x30, 0x66, 0x0C, 0xC0, 0x00, 0x00, 0x18,
    0x1B, 0x03, 0x60, 0x6C, 0x0D, 0x81, 0xB0, 0x31, 0x98, 0x33, 0x06, 0x60, 0xCC, 0x06, 0x00, 0xC0,
    0x18, 0x03, 0x07, 0x80, 0xF0, 0x00, 0x19, 0x83, 0x30, 0x00, 0x00, 0x06, 0x06, 0xC0, 0xD8, 0x1B,
    0x03, 0x60, 0x6C, 0x0D, 0x87, 0xB0, 0xF1, 0xE6, 0x3C, 0xC0, 0x18, 0x03, 0x00, 0x60, 0x0C, 0x01,
    0x80, 0x30, 0x19, 0x83, 0x30, 0x00, 0x00, 0x06, 0x06, 0xC0, 0xD8, 0x1B, 0x03, 0x61, 0xEC, 0x3C,
    0x79, 0x8F, 0x30, 0x06, 0x00, 0xC0, 0x18, 0x03, 0x7F, 0xEF, 0xFC, 0x61, 0x8C, 0x31, 0x80, 0x30,
    0x06, 0x00, 0xC0, 0x18, 0x03, 0x00, 0x60, 0x0C, 0x01, 0x80, 0x30, 0x1F, 0x83, 0xF0, 0x06, 0x00,
    0xC0, 0x18, 0x03, 0x00, 0x7F, 0xEF, 0xFC, 0x61, 0x8C, 0x31, 0x80, 0x30, 0x06, 0x00, 0xC0, 0x18,
    0x03, 0x01, 0xF8, 0x3F, 0x00, 0x60, 0x0C, 0x01, 0x80, 0x30, 0x19, 0x83, 0x30, 0x00, 0x00, 0x06,
    0x06, 0xC0, 0xD8, 0x1B, 0x03, 0x60, 0x6C, 0x0D, 0xE1, 0xBC, 0x36, 0x66, 0xCC, 0xD9, 0x9B, 0x33,
    0x66, 0x6C, 0xCD, 0xE1, 0xBC, 0x30, 0x19, 0x83, 0x30, 0x00, 0x00, 0x06, 0x06, 0xC0, 0xD8, 0x1B,
    0x03, 0x78, 0x6F, 0x0D, 0x99, 0xB3, 0x36, 0x66, 0xCC, 0xDE, 0x1B, 0xC3, 0x60, 0x6C, 0x0D, 0x81,
    0xB0, 0x31, 0x98, 0x33, 0x01, 0x80, 0x30, 0x19, 0x83, 0x31, 0x81, 0xB0, 0x36, 0x06, 0xC0, 0xD8,
    0x1B, 0x03, 0x00, 0x60, 0x0C, 0x06, 0x00, 0xC0, 0x60, 0x6C, 0x0C, 0x66, 0x0C, 0xC0, 0x60, 0x0C,
    0x06, 0x60, 0xCC, 0x60, 0x6C, 0x0D, 0x81, 0xB0, 0x30, 0x06, 0x00, 0xC0, 0x60, 0x0C, 0x06, 0x00,
    0xC0, 0x66, 0x0C, 0xC6, 0x06, 0xC0, 0xD8, 0x1B, 0x03, 0x7F, 0xEF, 0xFD, 0x81, 0xB0, 0x36, 0x06,
    0xC0, 0xD8, 0x1B, 0x03, 0x00, 0x00, 0x00, 0x18, 0x03, 0x00, 0x1F, 0x83, 0xF0, 0x01, 0x80, 0x31,
    0xFE, 0x3F, 0xD8, 0x1B, 0x03, 0x61, 0xEC, 0x3C, 0x79, 0x8F, 0x30, 0x00, 0x00, 0x01, 0x80, 0x30,
    0x7F, 0xEF, 0xFD, 0x80, 0x30, 0x06, 0x00, 0xC0, 0x1F, 0xE3, 0xFC, 0x60, 0x0C, 0x01, 0x80, 0x30,
    0x06, 0x00, 0xC0, 0x1F, 0xFB, 0xFF, 0x00, 0x00, 0x00, 0x18, 0x03, 0x00, 0x1F, 0x83, 0xF1, 0x81,
    0xB0, 0x37, 0xFE, 0xFF, 0xD8, 0x03, 0x00, 0x60, 0x6C, 0x0C, 0x7E, 0x0F, 0xC0, 0x00, 0x00, 0x01,
    0x80, 0x30, 0x06, 0x60, 0xCC, 0x66, 0x0C, 0xC0, 0x00, 0x00, 0x1F, 0xFB, 0xFF, 0x60, 0x0C, 0x01,
    0x80, 0x30, 0x07, 0xF8, 0xFF, 0x18, 0x03, 0x00, 0x60, 0x0C, 0x01, 0x80, 0x30, 0x07, 0xFE, 0xFF,
    0xC0, 0x06, 0x60, 0xCC, 0x66, 0x0C, 0xC0, 0x00, 0x00, 0x07, 0xE0, 0xFC, 0x60, 0x6C, 0x0D, 0xFF,
    0xBF, 0xF6, 0x00, 0xC0, 0x18, 0x1B, 0x03, 0x1F, 0x83, 0xF0, 0x7F, 0xEF, 0xFC, 0x18, 0x03, 0x00,
    0x60, 0x0C, 0x01, 0x80, 0x30, 0x06, 0x00, 0xC0, 0x18, 0x03, 0x00, 0x60, 0x0C, 0x1F, 0xFB, 0xFF,
    0x00, 0x00, 0x00, 0x18, 0x03, 0x00, 0x06, 0x00, 0xC0, 0x00, 0x00, 0x07, 0xE0, 0xFC, 0x01, 0x80,
    0x30, 0x06, 0x00, 0xC0, 0x18, 0x03, 0x00, 0x60, 0x0C, 0x1F, 0xFB, 0xFF, 0x00, 0x00, 0x00, 0x18,
    0x03, 0x00, 0x1F, 0x83, 0xF1, 0x81, 0xB0, 0x36, 0x06, 0xC0, 0xD8, 0x1B, 0x03, 0x60, 0x6C, 0x0D,
    0x81, 0xB0, 0x36, 0x06, 0xC0, 0xC7, 0xE0, 0xFC, 0x00, 0x00, 0x00, 0x18, 0x03, 0x00, 0x1F, 0x83,
    0xF1, 0x81, 0xB0, 0x36, 0x06, 0xC0, 0xD8, 0x1B, 0x03, 0x60, 0x6C, 0x0C, 0x7E, 0x0F, 0xC0, 0x00,
    0x00, 0x01, 0x80, 0x30, 0x60, 0x6C, 0x0D, 0x81, 0xB0, 0x36, 0x06, 0xC0, 0xD8, 0x1B, 0x03, 0x60,
    0x6C, 0x0D, 0x81, 0xB0, 0x36, 0x06, 0xC0, 0xC7, 0xE0, 0xFC, 0x00, 0x00, 0x00, 0x18, 0x03, 0x00,
    0x60, 0x6C, 0x0D, 0x81, 0xB0, 0x36, 0x06, 0xC0, 0xD8, 0x1B, 0x03, 0x61, 0xEC, 0x3C, 0x79, 0x8F,
    0x30, 0x00, 0x00, 0x01, 0x80, 0x30, 0x18, 0x03, 0x00, 0x18, 0x03, 0x00, 0x00, 0x00, 0x18, 0x1B,
    0x03, 0x60, 0x6C, 0x0D, 0x81, 0xB0, 0x31, 0x98, 0x33, 0x01, 0x80, 0x30, 0x06, 0x00, 0xC0, 0x18,
    0x03, 0x00, 0x60, 0x0C, 0x00, 0x18, 0x03, 0x00, 0x18, 0x03, 0x00, 0x00, 0x00, 0x18, 0x1B, 0x03,
    0x60, 0x6C, 0x0D, 0x81, 0xB0, 0x31, 0x98, 0x33, 0x06, 0x60, 0xCC, 0x06, 0x00, 0xC0, 0x18, 0x03,
    0x07, 0x80, 0xF0, 0x00, 0x06, 0x60, 0xCC, 0x66, 0x0C, 0xC0, 0x00, 0x00, 0x18, 0x1B, 0x03, 0x60,
    0x6C, 0x0D, 0x81, 0xB0, 0x31, 0x98, 0x33, 0x01, 0x80, 0x30, 0x06, 0x00, 0xC0, 0x18, 0x03, 0x00,
    0x60, 0x0C, 0x00, 0x06, 0x60, 0xCC, 0x66, 0x0C, 0xC0, 0x00, 0x00, 0x18, 0x1B, 0x03, 0x60, 0x6C,
    0x0D, 0x81, 0xB0, 0x31, 0x98, 0x33, 0x06, 0x60, 0xCC, 0x06, 0x00, 0xC0, 0x18, 0x03, 0x07, 0x80,
    0xF0, 0x00, 0x7E, 0xFC, 0x00, 0x7F, 0xEF, 0xFC, 0x00, 0x00, 0xFF, 0xFF, 0xFF, 0xF0, 0x00, 0x00,
    0xFF, 0xFF, 0xFF, 0xF0, 0x00, 0x00, 0x18, 0xD8, 0xC6, 0x30, 0x00, 0x18, 0xC6, 0x36, 0x30, 0x00,
    0x18, 0xC6, 0x36, 0x30, 0x19, 0x8C, 0xD9, 0x8C, 0xC6, 0x63, 0x30, 0x00, 0x19, 0x8C, 0xC6, 0x63,
    0x36, 0x63, 0x30, 0x00, 0x19, 0x8C, 0xC6, 0x63, 0x36, 0x63, 0x30, 0x06, 0x00, 0xC0, 0x18, 0x03,
    0x07, 0xFE, 0xFF, 0xC1, 0x80, 0x30, 0x06, 0x00, 0xC0, 0x18, 0x03, 0x00, 0x60, 0x0C, 0x00, 0x00,
    0x06, 0x00, 0xC0, 0x18, 0x03, 0x07, 0xFE, 0xFF, 0xC1, 0x80, 0x30, 0x06, 0x00, 0xC1, 0xFF, 0xBF,
    0xF0, 0x60, 0x0C, 0x01, 0x80, 0x30, 0x00, 0x00, 0x7B, 0xDE, 0xF0, 0x00, 0x66, 0x6C, 0xCD, 0x99,
    0xB3, 0x30, 0x6D, 0xB0, 0x0C, 0x00, 0x30, 0x03, 0x30, 0x0C, 0xC0, 0x0C, 0x00, 0x30, 0x00, 0x03,
    0xC0, 0x0F, 0x0F, 0xC0, 0x3F, 0x0F, 0x00, 0x3C, 0x00, 0x03, 0x30, 0x0C, 0xC0, 0xCC, 0xC3, 0x33,
    0x03, 0x30, 0x0C, 0xC0, 0x6D, 0xB6, 0xC0, 0x66, 0xCD, 0x9B, 0x36, 0x6C, 0xC0, 0x00, 0x06, 0x0C,
    0x60, 0xC6, 0x0C, 0x06, 0x0C, 0x06, 0x0C, 0x00, 0x60, 0xC0, 0x60, 0xC0, 0x60, 0xC6, 0x0C, 0x60,
    0xC0, 0x00, 0x00, 0x3C, 0x00, 0xF0, 0xFC, 0x03, 0xF0, 0xF0, 0x03, 0xC0, 0x00, 0x00, 0x00, 0x7F,
    0xEF, 0xFC, 0x01, 0x80, 0x30, 0x06, 0x00, 0xC0, 0x60, 0x0C, 0x01, 0x80, 0x30, 0x06, 0x00, 0xC0,
    0x60, 0x0C, 0x01, 0x80, 0x30, 0x78, 0x1B, 0xC0, 0xDE, 0x06, 0xF0, 0x30, 0x06, 0x00, 0x30, 0x06,
    0x00, 0x30, 0x06, 0x00, 0x30, 0x06, 0x00, 0x30, 0x06, 0x07, 0xB0, 0x3D, 0x81, 0xEC, 0x0F, 0x1F,
    0x83, 0xF1, 0x87, 0xB0, 0xF6, 0x66, 0xCC, 0xDE, 0x1B, 0xC3, 0x60, 0x6C, 0x0C, 0x7E, 0x0F, 0xC0,
    0x00, 0x01, 0xE0, 0x3C, 0x19, 0x83, 0x31, 0x86, 0x30, 0xD8, 0x1B, 0x03, 0x7F, 0xEF, 0xFC, 0x01,
    0x80, 0x30, 0x00, 0x7F, 0xEF, 0xFD, 0x80, 0x30, 0x07, 0xF8, 0xFF, 0x00, 0x18, 0x03, 0x60, 0x6C,
    0x0C, 0x7E, 0x0F, 0xC0, 0x00, 0x1F, 0x83, 0xF1, 0x80, 0x30, 0x07, 0xF8, 0xFF, 0x18, 0x1B, 0x03,
    0x60, 0x6C, 0x0C, 0x7E, 0x0F, 0xC0, 0x00, 0x7F, 0xEF, 0xFC, 0x01, 0x80, 0x30, 0x18, 0x03, 0x01,
    0x80, 0x30, 0x18, 0x03, 0x00, 0x60, 0x0C, 0x00, 0x00, 0x1F, 0x83, 0xF1, 0x81, 0xB0, 0x31, 0xF8,
    0x3F, 0x18, 0x1B, 0x03, 0x60, 0x6C, 0x0C, 0x7E, 0x0F, 0xC0, 0x00, 0x1F, 0x83, 0xF1, 0x81, 0xB0,
    0x36, 0x06, 0xC0, 0xC7, 0xF8, 0xFF, 0x00, 0x60, 0x0C, 0x7E, 0x0F, 0xC0, 0x00, 0x1F, 0x83, 0xF1,
    0x87, 0xB0, 0xF6, 0x66, 0xCC, 0xDE, 0x1B, 0xC3, 0x60, 0x6C, 0x0C, 0x7E, 0x0F, 0xC0, 0x18, 0x31,
    0xE3, 0xC1, 0x83, 0x06, 0x0C, 0x18, 0x31, 0xFB, 0xF0, 0x1F, 0x83, 0xF1, 0x81, 0xB0, 0x30, 0x18,
    0x03, 0x01, 0x80, 0x30, 0x18, 0x03, 0x01, 0xFF, 0xBF, 0xF0, 0x1F, 0x83, 0xF1, 0x81, 0xB0, 0x30,
    0x78, 0x0F, 0x00, 0x18, 0x03, 0x60, 0x6C, 0x0C, 0x7E, 0x0F, 0xC0, 0x01, 0xE0, 0x3C, 0x19, 0x83,
    0x31, 0x86, 0x30, 0xD8, 0x1B, 0x03, 0x7F, 0xEF, 0xFC, 0x01, 0x80, 0x30, 0x7F, 0xEF, 0xFD, 0x80,
    0x30, 0x07, 0xF8, 0xFF, 0x00, 0x18, 0x03, 0x60, 0x6C, 0x0C, 0x7E, 0x0F, 0xC0, 0x1F, 0x83, 0xF1,
    0x80, 0x30, 0x07, 0xF8, 0xFF, 0x18, 0x1B, 0x03, 0x60, 0x6C, 0x0C, 0x7E, 0x0F, 0xC0, 0x7F, 0xEF,
    0xFC, 0x01, 0x80, 0x30, 0x18, 0x03, 0x01, 0x80, 0x30, 0x18, 0x03, 0x00, 0x60, 0x0C, 0x00, 0x1F,
    0x83, 0xF1, 0x81, 0xB0, 0x31, 0xF8, 0x3F, 0x18, 0x1B, 0x03, 0x60, 0x6C, 0x0C, 0x7E, 0x0F, 0xC0,
    0x1F, 0x83, 0xF1, 0x81, 0xB0, 0x36, 0x06, 0xC0, 0xC7, 0xF8, 0xFF, 0x00, 0x60, 0x0C, 0x7E, 0x0F,
    0xC0, 0x3F, 0xF3, 0xFF, 0x30, 0x03, 0x00, 0x30, 0x03, 0x00, 0x3F, 0xC3, 0xFC, 0x30, 0x03, 0x00,
    0x30, 0x03, 0x00, 0xFF, 0x0F, 0xF0, 0x30, 0x03, 0x00, 0x30, 0x30, 0xC0, 0xC3, 0x03, 0x0C, 0x0C,
    0xFF, 0xFF, 0xFF, 0xF3, 0x33, 0x0C, 0xCC, 0x33, 0x30, 0xCC, 0xC0, 0xCC, 0x03, 0x30, 0x0C, 0xC0,
    0x33, 0x00, 0xCC, 0x03, 0x30, 0x78, 0x6F, 0x0D, 0x99, 0xB3, 0x36, 0x66, 0xCC, 0xD8, 0x1B, 0x03,
    0x66, 0x6C, 0xCD, 0x99, 0xB3, 0x36, 0x66, 0xCC, 0xD8, 0x7B, 0x0F, 0x0F, 0xC0, 0xFC, 0x30, 0x33,
    0x03, 0x30, 0x03, 0x00, 0xFF, 0x0F, 0xF0, 0x30, 0x03, 0x00, 0x30, 0x03, 0x00, 0x30, 0x33, 0x03,
    0x0F, 0xC0, 0xFC, 0x7F, 0xEF, 0xFC, 0x18, 0x03, 0x00, 0x66, 0x0C, 0xC1, 0xE0, 0x3C, 0x1E, 0x63,
    0xCD, 0x9E, 0x33, 0xC1, 0xE0, 0x3C, 0x19, 0x83, 0x30, 0x1F, 0x83, 0xF1, 0x81, 0xB0, 0x30, 0x18,
    0x03, 0x1F, 0xFB, 0xFF, 0x18, 0x03, 0x01, 0x80, 0x30, 0x06, 0x06, 0xC0, 0xC7, 0xE0, 0xFC, 0x7F,
    0xEF, 0xFC, 0x18, 0x03, 0x07, 0xFE, 0xFF, 0xC1, 0x80, 0x30, 0x06, 0x00, 0xC0, 0x18, 0x03, 0x00,
    0x60, 0x0C, 0x01, 0x80, 0x30, 0x7F, 0xEF, 0xFC, 0x06, 0x00, 0xC7, 0xFE, 0xFF, 0xC1, 0x80, 0x30,
    0x18, 0x03, 0x00, 0x18, 0x03, 0x00, 0x18, 0x03, 0x00, 0x18, 0x03, 0x19, 0x83, 0x30, 0x78, 0x0F,
    0x07, 0x98, 0xF3, 0x07, 0x80, 0xF0, 0x78, 0x6F, 0x0C, 0x61, 0x8C, 0x31, 0x98, 0x33, 0x07, 0x80,
    0xF0, 0x3F, 0xC3, 0xFC, 0x30, 0x33, 0x03, 0x30, 0x33, 0x03, 0x30, 0x33, 0x03, 0xFF, 0xCF, 0xFC,
    0x30, 0x03, 0x00, 0xFF, 0x0F, 0xF0, 0x30, 0x03, 0x00, 0x19, 0x83, 0x31, 0xFE, 0x3F, 0xC6, 0x06,
    0xC0, 0xD8, 0x1B, 0x03, 0x7F, 0x8F, 0xF1, 0x81, 0xB0, 0x36, 0x06, 0xC0, 0xD8, 0x1B, 0x03, 0x7F,
    0x8F, 0xF0, 0x66, 0x0C, 0xC0, 0x0C, 0x00, 0x30, 0x03, 0x00, 0x0C, 0x00, 0xFF, 0xFF, 0xFF, 0xF3,
    0x00, 0x0C, 0x00, 0x0C, 0x00, 0x30, 0x00, 0x00, 0x00, 0x06, 0x00, 0xC0, 0x7E, 0x0F, 0xC6, 0x66,
    0xCC, 0xC1, 0x80, 0x30, 0x06, 0x00, 0xC0, 0x18, 0x03, 0x00, 0x60, 0x0C, 0x01, 0x80, 0x30, 0x00,
    0xC0, 0x03, 0x00, 0x03, 0x00, 0x0C, 0xFF, 0xFF, 0xFF, 0xF0, 0x03, 0x00, 0x0C, 0x00, 0xC0, 0x03,
    0x00, 0x00, 0x00, 0x06, 0x00, 0xC0, 0x18, 0x03, 0x00, 0x60, 0x0C, 0x01, 0x80, 0x30, 0x06, 0x00,
    0xC1, 0x99, 0xB3, 0x31, 0xF8, 0x3F, 0x01, 0x80, 0x30, 0x06, 0x00, 0xC0, 0x7E, 0x0F, 0xC6, 0x66,
    0xCC, 0xC1, 0x80, 0x30, 0x06, 0x00, 0xC0, 0x18, 0x03, 0x00, 0x60, 0x0C, 0x19, 0x9B, 0x33, 0x1F,
    0x83, 0xF0, 0x18, 0x03, 0x00, 0x7F, 0x83, 0xFC, 0x1E, 0x00, 0xF0, 0x06, 0x60, 0x33, 0x01, 0x86,
    0x0C, 0x30, 0x00, 0x60, 0x03, 0x00, 0x06, 0x00, 0x30, 0x00, 0x00, 0x0F, 0xF0, 0xFF, 0x00, 0xF0,
    0x0F, 0x03, 0x30, 0x33, 0x0C, 0x30, 0xC3, 0x30, 0x03, 0x00, 0xC0, 0x0C, 0x00, 0x00, 0x00, 0xC0,
    0x0C, 0x00, 0x30, 0x03, 0x00, 0x0C, 0x30, 0xC3, 0x03, 0x30, 0x33, 0x00, 0xF0, 0x0F, 0x0F, 0xF0,
    0xFF, 0x00, 0x00, 0x00, 0x18, 0x00, 0xC0, 0x18, 0x00, 0xC6, 0x18, 0x30, 0xC1, 0x98, 0x0C, 0xC0,
    0x78, 0x03, 0xC0, 0x1F, 0xE0, 0xFF, 0x00, 0x00, 0x00, 0x0C, 0x00, 0xC0, 0x30, 0x03, 0x00, 0xFF,
    0xFF, 0xFF, 0x30, 0x33, 0x03, 0x0C, 0x30, 0xC3, 0x00, 0x30, 0x03, 0x00, 0x30, 0x03, 0x00, 0x30,
    0x03, 0x01, 0x80, 0x0C, 0x00, 0x18, 0x00, 0xC7, 0xFF, 0xBF, 0xFD, 0x81, 0x8C, 0x0C, 0x61, 0x83,
    0x0C, 0x18, 0x00, 0xC0, 0x06, 0x00, 0x30, 0x01, 0x80, 0x0C, 0x00, 0x00, 0x30, 0x03, 0x00, 0x30,
    0x03, 0x00, 0x30, 0x03, 0x0C, 0x30, 0xC3, 0x30, 0x33, 0x03, 0xFF, 0xFF, 0xFF, 0x30, 0x03, 0x00,
    0x0C, 0x00, 0xC0, 0x60, 0x03, 0x00, 0x18, 0x00, 0xC0, 0x06, 0x00, 0x30, 0x01, 0x86, 0x0C, 0x30,
    0x60, 0x63, 0x03, 0x1F, 0xFE, 0xFF, 0xF0, 0x06, 0x00, 0x30, 0x06, 0x00, 0x30, 0x7F, 0x83, 0xFC,
    0x00, 0x60, 0x03, 0x00, 0x18, 0x00, 0xC0, 0x06, 0x00, 0x30, 0x01, 0x80, 0x0C, 0x06, 0x66, 0x33,
    0x30, 0x7E, 0x03, 0xF0, 0x06, 0x00, 0x30, 0x00, 0x30, 0x03, 0x00, 0x30, 0x03, 0x00, 0x30, 0x03,
    0x0C, 0x30, 0xC3, 0x30, 0x33, 0x03, 0xFF, 0xFF, 0xFF, 0x30, 0x03, 0x00, 0x0C, 0x00, 0xC0, 0x07,
    0x80, 0xF0, 0x01, 0x80, 0x30, 0x06, 0x00, 0xC1, 0xF8, 0x3F, 0x18, 0x63, 0x0D, 0x81, 0xB0, 0x36,
    0x18, 0xC3, 0x07, 0x80, 0xF0, 0x06, 0x00, 0xC0, 0x18, 0x03, 0x01, 0x98, 0x33, 0x06, 0x60, 0xCC,
    0x19, 0x83, 0x31, 0x81, 0xB0, 0x36, 0x06, 0xC0, 0xDF, 0xFB, 0xFF, 0x7F, 0xEF, 0xFD, 0x81, 0xB0,
    0x36, 0x06, 0xC0, 0xD8, 0x1B, 0x03, 0x60, 0x6C, 0x0D, 0x81, 0xB0, 0x36, 0x06, 0xC0, 0xD8, 0x1B,
    0x03, 0x7F, 0xEF, 0xFD, 0x81, 0xB0, 0x31, 0x80, 0x30, 0x01, 0x80, 0x30, 0x18, 0x03, 0x01, 0x80,
    0x30, 0x06, 0x06, 0xC0, 0xDF, 0xFB, 0xFF, 0x7F, 0xEF, 0xFC, 0x00, 0x00, 0x6D, 0xB0, 0x00, 0x60,
    0x0C, 0x01, 0x80, 0x30, 0x18, 0x03, 0x00, 0x60, 0x0C, 0x66, 0x0C, 0xC1, 0x98, 0x33, 0x01, 0x80,
    0x30, 0x06, 0x00, 0xC0, 0x19, 0x83, 0x31, 0x99, 0xB3, 0x36, 0x66, 0xCC, 0xD9, 0x9B, 0x33, 0x19,
    0x83, 0x30, 0x00, 0x00, 0x01, 0xE0, 0x3C, 0x18, 0x03, 0x00, 0x60, 0x0C, 0x01, 0x80, 0x30, 0x06,
    0x00, 0xC0, 0x18, 0x03, 0x00, 0x60, 0x0C, 0x01, 0x80, 0x30, 0x06, 0x00, 0xC1, 0xE0, 0x3C, 0x00,
    0x18, 0x63, 0x0D, 0x9E, 0x33, 0xC0, 0x00, 0x00, 0x06, 0x18, 0xC3, 0x67, 0x8C, 0xF0, 0x00, 0x00,
    0x01, 0x80, 0x31, 0xFF, 0xBF, 0xF0, 0x60, 0x0C, 0x1F, 0xFB, 0xFF, 0x18, 0x03, 0x00, 0x00, 0x00,
    0x01, 0x80, 0xC1, 0x80, 0xC1, 0x80, 0xC1, 0x80, 0xC0, 0x18, 0x0C, 0x01, 0x80, 0xC0, 0x18, 0x0C,
    0x00, 0x00, 0x7F, 0xBF, 0xC0, 0x60, 0x30, 0x06, 0x03, 0x00, 0x60, 0x30, 0x06, 0x03, 0x06, 0x03,
    0x06, 0x03, 0x06, 0x03, 0x00, 0x00, 0x00, 0x7F, 0xBF, 0xC0,
};

static const EpdGlyph departure_mono_22_regularGlyphs[] = {
    { 0, 0, 224, 0, 0, 0, 0 }, // U+0020
    { 3, 16, 224, 5, 16, 6, 0 }, // !
    { 7, 7, 224, 3, 16, 7, 6 }, // "
    { 14, 16, 224, 0, 16, 28, 13 }, // #
    { 11, 20, 224, 1, 18, 28, 41 }, // $
    { 13, 16, 224, 1, 16, 26, 69 }, // %
    { 13, 16, 224, 1, 16, 26, 95 }, // &
    { 3, 7, 224, 5, 16, 3, 121 }, // '
    { 7, 20, 224, 3, 18, 18, 124 }, // (
    { 7, 20, 224, 3, 18, 18, 142 }, // )
    { 11, 11, 224, 1, 16, 16, 160 }, // *
    { 11, 11, 224, 1, 12, 16, 176 }, // +
    { 5, 6, 224, 3, 4, 4, 192 }, // ,
    { 7, 3, 224, 3, 8, 3, 196 }, // -
    { 3, 4, 224, 5, 4, 2, 199 }, // .
    { 11, 20, 224, 1, 18, 28, 201 }, // /
    { 11, 16, 224, 1, 16, 22, 229 }, // 0
    { 11, 16, 224, 1, 16, 22, 251 }, // 1
    { 11, 16, 224, 1, 16, 22, 273 }, // 2
    { 11, 16, 224, 1, 16, 22, 295 }, // 3
    { 11, 16, 224, 1, 16, 22, 317 }, // 4
    { 11, 16, 224, 1, 16, 22, 339 }, // 5
    { 11, 16, 224, 1, 16, 22, 361 }, // 6
    { 11, 16, 224, 1, 16, 22, 383 }, // 7
    { 11, 16, 224, 1, 16, 22, 405 }, // 8
    { 11, 16, 224, 1, 16, 22, 427 }, // 9
    { 3, 12, 224, 5, 12, 5, 449 }, // :
    { 5, 14, 224, 3, 12, 9, 454 }, // ;
    { 9, 14, 224, 1, 14, 16, 463 }, // <
    { 11, 7, 224, 1, 10, 10, 479 }, // =
    { 9, 14, 224, 3, 14, 16, 489 }, // >
    { 11, 16, 224, 1, 16, 22, 505 }, // ?
    { 11, 16, 224, 1, 16, 22, 527 }, // @
    { 11, 16, 224, 1, 16, 22, 549 }, // A
    { 11, 16, 224, 1, 16, 22, 571 }, // B
    { 11, 16, 224, 1, 16, 22, 593 }, // C
    { 11, 16, 224, 1, 16, 22, 615 }, // D
    { 11, 16, 224, 1, 16, 22, 637 }, // E
    { 11, 16, 224, 1, 16, 22, 659 }, // F
    { 11, 16, 224, 1, 16, 22, 681 }, // G
    { 11, 16, 224, 1, 16, 22, 703 }, // H
    { 11, 16, 224, 1, 16, 22, 725 }, // I
    { 11, 16, 224, 1, 16, 22, 747 }, // J
    { 11, 16, 224, 1, 16, 22, 769 }, // K
    { 11, 16, 224, 1, 16, 22, 791 }, // L
    { 11, 16, 224, 1, 16, 22, 813 }, // M
    { 11, 16, 224, 1, 16, 22, 835 }, // N
    { 11, 16, 224, 1, 16, 22, 857 }, // O
    { 11, 16, 224, 1, 16, 22, 879 }, // P
    { 11, 18, 224, 1, 16, 25, 901 }, // Q
    { 11, 16, 224, 1, 16, 22, 926 }, // R
    { 11, 16, 224, 1, 16, 22, 948 }, // S
    { 11, 16, 224, 1, 16, 22, 970 }, // T
    { 11, 16, 224, 1, 16, 22, 992 }, // U
    { 11, 16, 224, 1, 16, 22, 1014 }, // V
    { 11, 16, 224, 1, 16, 22, 1036 }, // W
    { 11, 16, 224, 1, 16, 22, 1058 }, // X
    { 11, 16, 224, 1, 16, 22, 1080 }, // Y
    { 11, 16, 224, 1, 16, 22, 1102 }, // Z
    { 7, 20, 224, 3, 18, 18, 1124 }, // [
    { 11, 20, 224, 1, 18, 28, 1142 }, // <backslash>
    { 7, 20, 224, 3, 18, 18, 1170 }, // ]
    { 7, 5, 224, 3, 16, 5, 1188 }, // ^
    { 11, 2, 224, 1, 2, 3, 1193 }, // _
    { 5, 5, 224, 3, 18, 4, 1196 }, // `
    { 11, 12, 224, 1, 12, 17, 1200 }, // a
    { 11, 16, 224, 1, 16, 22, 1217 }, // b
    { 11, 12, 224, 1, 12, 17, 1239 }, // c
    { 11, 16, 224, 1, 16, 22, 1256 }, // d
    { 11, 12, 224, 1, 12, 17, 1278 }, // e
    { 11, 16, 224, 1, 16, 22, 1295 }, // f
    { 11, 16, 224, 1, 12, 22, 1317 }, // g
    { 11, 16, 224, 1, 16, 22, 1339 }, // h
    { 11, 16, 224, 1, 16, 22, 1361 }, // i
    { 9, 20, 224, 1, 16, 23, 1383 }, // j
    { 11, 16, 224, 1, 16, 22, 1406 }, // k
    { 11, 16, 224, 1, 16, 22, 1428 }, // l
    { 11, 12, 224, 1, 12, 17, 1450 }, // m
    { 11, 12, 224, 1, 12, 17, 1467 }, // n
    { 11, 12, 224, 1, 12, 17, 1484 }, // o
    { 11, 16, 224, 1, 12, 22, 1501 }, // p
    { 11, 16, 224, 1, 12, 22, 1523 }, // q
    { 11, 12, 224, 1, 12, 17, 1545 }, // r
    { 11, 12, 224, 1, 12, 17, 1562 }, // s
    { 11, 16, 224, 1, 16, 22, 1579 }, // t
    { 11, 12, 224, 1, 12, 17, 1601 }, // u
    { 11, 12, 224, 1, 12, 17, 1618 }, // v
    { 11, 12, 224, 1, 12, 17, 1635 }, // w
    { 11, 12, 224, 1, 12, 17, 1652 }, // x
    { 11, 16, 224, 1, 12, 22, 1669 }, // y
    { 11, 12, 224, 1, 12, 17, 1691 }, // z
    { 10, 20, 224, 0, 18, 25, 1708 }, // {
    { 3, 20, 224, 5, 18, 8, 1733 }, // |
    { 11, 20, 224, 3, 18, 28, 1741 }, // }
    { 11, 7, 224, 1, 10, 10, 1769 }, // ~
    { 0, 0, 224, 0, 0, 0, 1779 }, // U+00A0
    { 3, 16, 224, 5, 12, 6, 1779 }, // U+00A1
    { 11, 14, 224, 1, 14, 20, 1785 }, // U+00A2
    { 11, 16, 224, 1, 16, 22, 1805 }, // U+00A3
    { 11, 12, 224, 1, 12, 17, 1827 }, // U+00A4
    { 11, 16, 224, 1, 16, 22, 1844 }, // U+00A5
    { 3, 20, 224, 5, 18, 8, 1866 }, // U+00A6
    { 11, 18, 224, 1, 16, 25, 1874 }, // U+00A7
    { 7, 3, 224, 3, 16, 3, 1899 }, // U+00A8
    { 11, 24, 224, 1, 20, 33, 1902 }, // U+00A9
    { 11, 11, 224, 1, 16, 16, 1935 }, // U+00AA
    { 12, 11, 224, 0, 12, 17, 1951 }, // U+00AB
    { 11, 7, 224, 1, 8, 10, 1968 }, // U+00AC
    { 7, 3, 224, 3, 8, 3, 1978 }, // U+00AD
    { 11, 24, 224, 1, 20, 33, 1981 }, // U+00AE
    { 7, 3, 224, 3, 16, 3, 2014 }, // U+00AF
    { 7, 7, 224, 3, 16, 7, 2017 }, // U+00B0
    { 11, 14, 224, 1, 14, 20, 2024 }, // U+00B1
    { 11, 13, 224, 1, 18, 18, 2044 }, // U+00B2
    { 11, 13, 224, 1, 18, 18, 2062 }, // U+00B3
    { 5, 5, 224, 5, 18, 4, 2080 }, // U+00B4
    { 11, 16, 224, 1, 12, 22, 2084 }, // U+00B5
    { 11, 16, 224, 1, 16, 22, 2106 }, // U+00B6
    { 3, 5, 224, 5, 10, 2, 2128 }, // U+00B7
    { 5, 6, 224, 5, 0, 4, 2130 }, // U+00B8
    { 7, 13, 224, 3, 18, 12, 2134 }, // U+00B9
    { 11, 11, 224, 1, 16, 16, 2146 }, // U+00BA
    { 13, 11, 224, 1, 12, 18, 2162 }, // U+00BB
    { 14, 26, 224, 0, 20, 46, 2180 }, // U+00BC
    { 14, 26, 224, 0, 20, 46, 2226 }, // U+00BD
    { 14, 26, 224, 0, 20, 46, 2272 }, // U+00BE
    { 11, 16, 224, 1, 12, 22, 2318 }, // U+00BF
    { 11, 22, 224, 1, 22, 31, 2340 }, // U+00C0
    { 11, 22, 224, 1, 22, 31, 2371 }, // U+00C1
    { 11, 22, 224, 1, 22, 31, 2402 }, // U+00C2
    { 11, 22, 224, 1, 22, 31, 2433 }, // U+00C3
    { 11, 20, 224, 1, 20, 28, 2464 }, // U+00C4
    { 11, 22, 224, 1, 22, 31, 2492 }, // U+00C5
    { 14, 16, 224, 0, 16, 28, 2523 }, // U+00C6
    { 11, 22, 224, 1, 16, 31, 2551 }, // U+00C7
    { 11, 22, 224, 1, 22, 31, 2582 }, // U+00C8
    { 11, 22, 224, 1, 22, 31, 2613 }, // U+00C9
    { 11, 22, 224, 1, 22, 31, 2644 }, // U+00CA
    { 11, 20, 224, 1, 20, 28, 2675 }, // U+00CB
    { 11, 22, 224, 1, 22, 31, 2703 }, // U+00CC
    { 11, 22, 224, 1, 22, 31, 2734 }, // U+00CD
    { 11, 22, 224, 1, 22, 31, 2765 }, // U+00CE
    { 11, 20, 224, 1, 20, 28, 2796 }, // U+00CF
    { 12, 16, 224, 0, 16, 24, 2824 }, // U+00D0
    { 11, 22, 224, 1, 22, 31, 2848 }, // U+00D1
    { 11, 22, 224, 1, 22, 31, 2879 }, // U+00D2
    { 11, 22, 224, 1, 22, 31, 2910 }, // U+00D3
    { 11, 22, 224, 1, 22, 31, 2941 }, // U+00D4
    { 11, 22, 224, 1, 22, 31, 2972 }, // U+00D5
    { 11, 20, 224, 1, 20, 28, 3003 }, // U+00D6
    { 11, 11, 224, 1, 12, 16, 3031 }, // U+00D7
    { 14, 16, 224, 0, 16, 28, 3047 }, // U+00D8
    { 11, 22, 224, 1, 22, 31, 3075 }, // U+00D9
    { 11, 22, 224, 1, 22, 31, 3106 }, // U+00DA
    { 11, 22, 224, 1, 22, 31, 3137 }, // U+00DB
    { 11, 20, 224, 1, 20, 28, 3168 }, // U+00DC
    { 11, 22, 224, 1, 22, 31, 3196 }, // U+00DD
    { 11, 16, 224, 1, 16, 22, 3227 }, // U+00DE
    { 11, 20, 224, 1, 16, 28, 3249 }, // U+00DF
    { 11, 18, 224, 1, 18, 25, 3277 }, // U+00E0
    { 11, 18, 224, 1, 18, 25, 3302 }, // U+00E1
    { 11, 18, 224, 1, 18, 25, 3327 }, // U+00E2
    { 11, 18, 224, 1, 18, 25, 3352 }, // U+00E3
    { 11, 16, 224, 1, 16, 22, 3377 }, // U+00E4
    { 11, 20, 224, 1, 20, 28, 3399 }, // U+00E5
    { 14, 12, 224, 0, 12, 21, 3427 }, // U+00E6
    { 11, 18, 224, 1, 12, 25, 3448 }, // U+00E7
    { 11, 18, 224, 1, 18, 25, 3473 }, // U+00E8
    { 11, 18, 224, 1, 18, 25, 3498 }, // U+00E9
    { 11, 18, 224, 1, 18, 25, 3523 }, // U+00EA
    { 11, 16, 224, 1, 16, 22, 3548 }, // U+00EB
    { 11, 18, 224, 1, 18, 25, 3570 }, // U+00EC
    { 11, 18, 224, 1, 18, 25, 3595 }, // U+00ED
    { 11, 18, 224, 1, 18, 25, 3620 }, // U+00EE
    { 11, 16, 224, 1, 16, 22, 3645 }, // U+00EF
    { 11, 16, 224, 1, 16, 22, 3667 }, // U+00F0
    { 11, 18, 224, 1, 18, 25, 3689 }, // U+00F1
    { 11, 18, 224, 1, 18, 25, 3714 }, // U+00F2
    { 11, 18, 224, 1, 18, 25, 3739 }, // U+00F3
    { 11, 18, 224, 1, 18, 25, 3764 }, // U+00F4
    { 11, 18, 224, 1, 18, 25, 3789 }, // U+00F5
    { 11, 16, 224, 1, 16, 22, 3814 }, // U+00F6
    { 11, 11, 224, 1, 12, 16, 3836 }, // U+00F7
    { 14, 14, 224, 0, 12, 25, 3852 }, // U+00F8
    { 11, 18, 224, 1, 18, 25, 3877 }, // U+00F9
    { 11, 18, 224, 1, 18, 25, 3902 }, // U+00FA
    { 11, 18, 224, 1, 18, 25, 3927 }, // U+00FB
    { 11, 16, 224, 1, 16, 22, 3952 }, // U+00FC
    { 11, 22, 224, 1, 18, 31, 3974 }, // U+00FD
    { 11, 20, 224, 1, 16, 28, 4005 }, // U+00FE
    { 11, 20, 224, 1, 16, 28, 4033 }, // U+00FF
    { 11, 20, 224, 1, 20, 28, 4061 }, // U+0100
    { 11, 16, 224, 1, 16, 22, 4089 }, // U+0101
    { 11, 22, 224, 1, 22, 31, 4111 }, // U+0102
    { 11, 18, 224, 1, 18, 25, 4142 }, // U+0103
    { 11, 22, 224, 1, 16, 31, 4167 }, // U+0104
    { 11, 18, 224, 1, 12, 25, 4198 }, // U+0105
    { 11, 22, 224, 1, 22, 31, 4223 }, // U+0106
    { 11, 18, 224, 1, 18, 25, 4254 }, // U+0107
    { 11, 22, 224, 1, 22, 31, 4279 }, // U+0108
    { 11, 18, 224, 1, 18, 25, 4310 }, // U+0109
    { 11, 20, 224, 1, 20, 28, 4335 }, // U+010A
    { 11, 16, 224, 1, 16, 22, 4363 }, // U+010B
    { 11, 22, 224, 1, 22, 31, 4385 }, // U+010C
    { 11, 18, 224, 1, 18, 25, 4416 }, // U+010D
    { 11, 22, 224, 1, 22, 31, 4441 }, // U+010E
    { 14, 16, 224, 0, 16, 28, 4472 }, // U+010F
    { 12, 16, 224, 0, 16, 24, 4500 }, // U+0110
    { 13, 16, 224, 1, 16, 26, 4524 }, // U+0111
    { 11, 20, 224, 1, 20, 28, 4550 }, // U+0112
    { 11, 16, 224, 1, 16, 22, 4578 }, // U+0113
    { 11, 22, 224, 1, 22, 31, 4600 }, // U+0114
    { 11, 18, 224, 1, 18, 25, 4631 }, // U+0115
    { 11, 20, 224, 1, 20, 28, 4656 }, // U+0116
    { 11, 16, 224, 1, 16, 22, 4684 }, // U+0117
    { 11, 22, 224, 1, 16, 31, 4706 }, // U+0118
    { 11, 18, 224, 1, 12, 25, 4737 }, // U+0119
    { 11, 22, 224, 1, 22, 31, 4762 }, // U+011A
    { 11, 18, 224, 1, 18, 25, 4793 }, // U+011B
    { 11, 22, 224, 1, 22, 31, 4818 }, // U+011C
    { 11, 22, 224, 1, 18, 31, 4849 }, // U+011D
    { 11, 22, 224, 1, 22, 31, 4880 }, // U+011E
    { 11, 22, 224, 1, 18, 31, 4911 }, // U+011F
    { 11, 20, 224, 1, 20, 28, 4942 }, // U+0120
    { 11, 20, 224, 1, 16, 28, 4970 }, // U+0121
    { 11, 22, 224, 1, 16, 31, 4998 }, // U+0122
    { 11, 22, 224, 1, 18, 31, 5029 }, // U+0123
    { 11, 22, 224, 1, 22, 31, 5060 }, // U+0124
    { 12, 22, 224, 0, 22, 33, 5091 }, // U+0125
    { 14, 16, 224, 0, 16, 28, 5124 }, // U+0126
    { 12, 16, 224, 0, 16, 24, 5152 }, // U+0127
    { 11, 22, 224, 1, 22, 31, 5176 }, // U+0128
    { 11, 18, 224, 1, 18, 25, 5207 }, // U+0129
    { 11, 20, 224, 1, 20, 28, 5232 }, // U+012A
    { 11, 16, 224, 1, 16, 22, 5260 }, // U+012B
    { 11, 22, 224, 1, 22, 31, 5282 }, // U+012C
    { 11, 18, 224, 1, 18, 25, 5313 }, // U+012D
    { 11, 22, 224, 1, 16, 31, 5338 }, // U+012E
    { 11, 18, 224, 1, 12, 25, 5369 }, // U+012F
    { 11, 20, 224, 1, 20, 28, 5394 }, // U+0130
    { 11, 12, 224, 1, 12, 17, 5422 }, // U+0131
    { 11, 16, 224, 1, 16, 22, 5439 }, // U+0132
    { 11, 20, 224, 1, 16, 28, 5461 }, // U+0133
    { 11, 22, 224, 1, 22, 31, 5489 }, // U+0134
    { 9, 22, 224, 1, 18, 25, 5520 }, // U+0135
    { 11, 22, 224, 1, 16, 31, 5545 }, // U+0136
    { 11, 22, 224, 1, 16, 31, 5576 }, // U+0137
    { 11, 12, 224, 1, 12, 17, 5607 }, // U+0138
    { 11, 22, 224, 1, 22, 31, 5624 }, // U+0139
    { 11, 22, 224, 1, 22, 31, 5655 }, // U+013A
    { 11, 22, 224, 1, 16, 31, 5686 }, // U+013B
    { 11, 22, 224, 1, 16, 31, 5717 }, // U+013C
    { 11, 16, 224, 1, 16, 22, 5748 }, // U+013D
    { 13, 16, 224, 1, 16, 26, 5770 }, // U+013E
    { 11, 16, 224, 1, 16, 22, 5796 }, // U+013F
    { 11, 16, 224, 1, 16, 22, 5818 }, // U+0140
    { 12, 16, 224, 0, 16, 24, 5840 }, // U+0141
    { 11, 16, 224, 1, 16, 22, 5864 }, // U+0142
    { 11, 22, 224, 1, 22, 31, 5886 }, // U+0143
    { 11, 18, 224, 1, 18, 25, 5917 }, // U+0144
    { 11, 22, 224, 1, 16, 31, 5942 }, // U+0145
    { 11, 18, 224, 1, 12, 25, 5973 }, // U+0146
    { 11, 22, 224, 1, 22, 31, 5998 }, // U+0147
    { 11, 18, 224, 1, 18, 25, 6029 }, // U+0148
    { 11, 20, 224, 1, 16, 28, 6054 }, // U+014A
    { 11, 16, 224, 1, 12, 22, 6082 }, // U+014B
    { 11, 20, 224, 1, 20, 28, 6104 }, // U+014C
    { 11, 16, 224, 1, 16, 22, 6132 }, // U+014D
    { 11, 22, 224, 1, 22, 31, 6154 }, // U+014E
    { 11, 18, 224, 1, 18, 25, 6185 }, // U+014F
    { 11, 22, 224, 1, 22, 31, 6210 }, // U+0150
    { 11, 18, 224, 1, 18, 25, 6241 }, // U+0151
    { 14, 16, 224, 0, 16, 28, 6266 }, // U+0152
    { 14, 12, 224, 0, 12, 21, 6294 }, // U+0153
    { 11, 22, 224, 1, 22, 31, 6315 }, // U+0154
    { 11, 18, 224, 1, 18, 25, 6346 }, // U+0155
    { 11, 22, 224, 1, 16, 31, 6371 }, // U+0156
    { 11, 18, 224, 1, 12, 25, 6402 }, // U+0157
    { 11, 22, 224, 1, 22, 31, 6427 }, // U+0158
    { 11, 18, 224, 1, 18, 25, 6458 }, // U+0159
    { 11, 22, 224, 1, 22, 31, 6483 }, // U+015A
    { 11, 18, 224, 1, 18, 25, 6514 }, // U+015B
    { 11, 22, 224, 1, 22, 31, 6539 }, // U+015C
    { 11, 18, 224, 1, 18, 25, 6570 }, // U+015D
    { 11, 22, 224, 1, 16, 31, 6595 }, // U+015E
    { 11, 18, 224, 1, 12, 25, 6626 }, // U+015F
    { 11, 22, 224, 1, 22, 31, 6651 }, // U+0160
    { 11, 18, 224, 1, 18, 25, 6682 }, // U+0161
    { 11, 22, 224, 1, 16, 31, 6707 }, // U+0162
    { 11, 22, 224, 1, 16, 31, 6738 }, // U+0163
    { 11, 22, 224, 1, 22, 31, 6769 }, // U+0164
    { 11, 18, 224, 1, 18, 25, 6800 }, // U+0165
    { 11, 16, 224, 1, 16, 22, 6825 }, // U+0166
    { 11, 16, 224, 1, 16, 22, 6847 }, // U+0167
    { 11, 22, 224, 1, 22, 31, 6869 }, // U+0168
    { 11, 18, 224, 1, 18, 25, 6900 }, // U+0169
    { 11, 20, 224, 1, 20, 28, 6925 }, // U+016A
    { 11, 16, 224, 1, 16, 22, 6953 }, // U+016B
    { 11, 22, 224, 1, 22, 31, 6975 }, // U+016C
    { 11, 18, 224, 1, 18, 25, 7006 }, // U+016D
    { 11, 22, 224, 1, 22, 31, 7031 }, // U+016E
    { 11, 20, 224, 1, 20, 28, 7062 }, // U+016F
    { 11, 22, 224, 1, 22, 31, 7090 }, // U+0170
    { 11, 18, 224, 1, 18, 25, 7121 }, // U+0171
    { 11, 22, 224, 1, 16, 31, 7146 }, // U+0172
    { 11, 18, 224, 1, 12, 25, 7177 }, // U+0173
    { 11, 22, 224, 1, 22, 31, 7202 }, // U+0174
    { 11, 18, 224, 1, 18, 25, 7233 }, // U+0175
    { 11, 22, 224, 1, 22, 31, 7258 }, // U+0176
    { 11, 22, 224, 1, 18, 31, 7289 }, // U+0177
    { 11, 20, 224, 1, 20, 28, 7320 }, // U+0178
    { 11, 22, 224, 1, 22, 31, 7348 }, // U+0179
    { 11, 18, 224, 1, 18, 25, 7379 }, // U+017A
    { 11, 20, 224, 1, 20, 28, 7404 }, // U+017B
    { 11, 16, 224, 1, 16, 22, 7432 }, // U+017C
    { 11, 22, 224, 1, 22, 31, 7454 }, // U+017D
    { 11, 18, 224, 1, 18, 25, 7485 }, // U+017E
    { 11, 16, 224, 1, 16, 22, 7510 }, // U+017F
    { 13, 20, 224, 1, 20, 33, 7532 }, // U+01AF
    { 13, 14, 224, 1, 14, 23, 7565 }, // U+01B0
    { 11, 22, 224, 1, 22, 31, 7588 }, // U+01CD
    { 11, 18, 224, 1, 18, 25, 7619 }, // U+01CE
    { 11, 22, 224, 1, 22, 31, 7644 }, // U+01CF
    { 11, 18, 224, 1, 18, 25, 7675 }, // U+01D0
    { 11, 22, 224, 1, 22, 31, 7700 }, // U+01D1
    { 11, 18, 224, 1, 18, 25, 7731 }, // U+01D2
    { 11, 22, 224, 1, 22, 31, 7756 }, // U+01D3
    { 11, 18, 224, 1, 18, 25, 7787 }, // U+01D4
    { 11, 12, 224, 1, 12, 17, 7812 }, // U+01DD
    { 11, 22, 224, 1, 22, 31, 7829 }, // U+01E6
    { 11, 22, 224, 1, 18, 31, 7860 }, // U+01E7
    { 11, 22, 224, 1, 16, 31, 7891 }, // U+01EA
    { 11, 18, 224, 1, 12, 25, 7922 }, // U+01EB
    { 11, 22, 224, 1, 22, 31, 7947 }, // U+01F8
    { 11, 18, 224, 1, 18, 25, 7978 }, // U+01F9
    { 11, 22, 224, 1, 22, 31, 8003 }, // U+01FA
    { 11, 20, 224, 1, 20, 28, 8034 }, // U+01FB
    { 14, 22, 224, 0, 22, 39, 8062 }, // U+01FC
    { 14, 18, 224, 0, 18, 32, 8101 }, // U+01FD
    { 14, 22, 224, 0, 22, 39, 8133 }, // U+01FE
    { 14, 20, 224, 0, 18, 35, 8172 }, // U+01FF
    { 11, 22, 224, 1, 16, 31, 8207 }, // U+0218
    { 11, 18, 224, 1, 12, 25, 8238 }, // U+0219
    { 11, 22, 224, 1, 16, 31, 8263 }, // U+021A
    { 11, 22, 224, 1, 16, 31, 8294 }, // U+021B
    { 11, 22, 224, 1, 22, 31, 8325 }, // U+021E
    { 12, 22, 224, 0, 22, 33, 8356 }, // U+021F
    { 5, 5, 224, 3, 18, 4, 8389 }, // U+0300
    { 5, 5, 224, 5, 18, 4, 8393 }, // U+0301
    { 7, 5, 224, 3, 18, 5, 8397 }, // U+0302
    { 9, 5, 224, 3, 18, 6, 8402 }, // U+0303
    { 7, 3, 224, 3, 16, 3, 8408 }, // U+0304
    { 11, 5, 224, 1, 18, 7, 8411 }, // U+0306
    { 3, 3, 224, 5, 16, 2, 8418 }, // U+0307
    { 7, 3, 224, 3, 16, 3, 8420 }, // U+0308
    { 7, 7, 224, 3, 20, 7, 8423 }, // U+030A
    { 7, 5, 224, 3, 18, 5, 8430 }, // U+030B
    { 7, 5, 224, 3, 18, 5, 8435 }, // U+030C
    { 5, 5, 224, 5, 18, 4, 8440 }, // U+0312
    { 3, 2, 224, 5, -2, 1, 8444 }, // U+0323
    { 5, 4, 224, 3, -2, 3, 8445 }, // U+0326
    { 5, 6, 224, 5, 0, 4, 8448 }, // U+0327
    { 5, 6, 224, 3, 0, 4, 8452 }, // U+0328
    { 11, 4, 224, 1, -2, 6, 8456 }, // U+032E
    { 11, 22, 224, 1, 22, 31, 8462 }, // U+0400
    { 11, 20, 224, 1, 20, 28, 8493 }, // U+0401
    { 12, 16, 224, 0, 16, 24, 8521 }, // U+0402
    { 11, 22, 224, 1, 22, 31, 8545 }, // U+0403
    { 11, 16, 224, 1, 16, 22, 8576 }, // U+0404
    { 11, 16, 224, 1, 16, 22, 8598 }, // U+0405
    { 11, 16, 224, 1, 16, 22, 8620 }, // U+0406
    { 11, 20, 224, 1, 20, 28, 8642 }, // U+0407
    { 11, 16, 224, 1, 16, 22, 8670 }, // U+0408
    { 14, 16, 224, 0, 16, 28, 8692 }, // U+0409
    { 14, 16, 224, 0, 16, 28, 8720 }, // U+040A
    { 12, 16, 224, 0, 16, 24, 8748 }, // U+040B
    { 11, 22, 224, 1, 22, 31, 8772 }, // U+040C
    { 11, 22, 224, 1, 22, 31, 8803 }, // U+040D
    { 11, 22, 224, 1, 22, 31, 8834 }, // U+040E
    { 11, 20, 224, 1, 16, 28, 8865 }, // U+040F
    { 11, 16, 224, 1, 16, 22, 8893 }, // U+0410
    { 11, 16, 224, 1, 16, 22, 8915 }, // U+0411
    { 11, 16, 224, 1, 16, 22, 8937 }, // U+0412
    { 11, 16, 224, 1, 16, 22, 8959 }, // U+0413
    { 14, 20, 224, 0, 16, 35, 8981 }, // U+0414
    { 11, 16, 224, 1, 16, 22, 9016 }, // U+0415
    { 14, 16, 224, 0, 16, 28, 9038 }, // U+0416
    { 11, 16, 224, 1, 16, 22, 9066 }, // U+0417
    { 11, 16, 224, 1, 16, 22, 9088 }, // U+0418
    { 11, 22, 224, 1, 22, 31, 9110 }, // U+0419
    { 11, 16, 224, 1, 16, 22, 9141 }, // U+041A
    { 11, 16, 224, 1, 16, 22, 9163 }, // U+041B
    { 11, 16, 224, 1, 16, 22, 9185 }, // U+041C
    { 11, 16, 224, 1, 16, 22, 9207 }, // U+041D
    { 11, 16, 224, 1, 16, 22, 9229 }, // U+041E
    { 11, 16, 224, 1, 16, 22, 9251 }, // U+041F
    { 11, 16, 224, 1, 16, 22, 9273 }, // U+0420
    { 11, 16, 224, 1, 16, 22, 9295 }, // U+0421
    { 11, 16, 224, 1, 16, 22, 9317 }, // U+0422
    { 11, 16, 224, 1, 16, 22, 9339 }, // U+0423
    { 11, 16, 224, 1, 16, 22, 9361 }, // U+0424
    { 11, 16, 224, 1, 16, 22, 9383 }, // U+0425
    { 13, 20, 224, 1, 16, 33, 9405 }, // U+0426
    { 11, 16, 224, 1, 16, 22, 9438 }, // U+0427
    { 11, 16, 224, 1, 16, 22, 9460 }, // U+0428
    { 13, 20, 224, 1, 16, 33, 9482 }, // U+0429
    { 12, 16, 224, 0, 16, 24, 9515 }, // U+042A
    { 11, 16, 224, 1, 16, 22, 9539 }, // U+042B
    { 11, 16, 224, 1, 16, 22, 9561 }, // U+042C
    { 11, 16, 224, 1, 16, 22, 9583 }, // U+042D
    { 13, 16, 224, 1, 16, 26, 9605 }, // U+042E
    { 11, 16, 224, 1, 16, 22, 9631 }, // U+042F
    { 11, 12, 224, 1, 12, 17, 9653 }, // U+0430
    { 11, 16, 224, 1, 16, 22, 9670 }, // U+0431
    { 11, 12, 224, 1, 12, 17, 9692 }, // U+0432
    { 11, 12, 224, 1, 12, 17, 9709 }, // U+0433
    { 14, 16, 224, 0, 12, 28, 9726 }, // U+0434
    { 11, 12, 224, 1, 12, 17, 9754 }, // U+0435
    { 14, 12, 224, 0, 12, 21, 9771 }, // U+0436
    { 11, 12, 224, 1, 12, 17, 9792 }, // U+0437
    { 11, 12, 224, 1, 12, 17, 9809 }, // U+0438
    { 11, 18, 224, 1, 18, 25, 9826 }, // U+0439
    { 11, 12, 224, 1, 12, 17, 9851 }, // U+043A
    { 11, 12, 224, 1, 12, 17, 9868 }, // U+043B
    { 11, 12, 224, 1, 12, 17, 9885 }, // U+043C
    { 11, 12, 224, 1, 12, 17, 9902 }, // U+043D
    { 11, 12, 224, 1, 12, 17, 9919 }, // U+043E
    { 11, 12, 224, 1, 12, 17, 9936 }, // U+043F
    { 11, 16, 224, 1, 12, 22, 9953 }, // U+0440
    { 11, 12, 224, 1, 12, 17, 9975 }, // U+0441
    { 11, 12, 224, 1, 12, 17, 9992 }, // U+0442
    { 11, 16, 224, 1, 12, 22, 10009 }, // U+0443
    { 11, 20, 224, 1, 16, 28, 10031 }, // U+0444
    { 11, 12, 224, 1, 12, 17, 10059 }, // U+0445
    { 13, 16, 224, 1, 12, 26, 10076 }, // U+0446
    { 11, 12, 224, 1, 12, 17, 10102 }, // U+0447
    { 11, 12, 224, 1, 12, 17, 10119 }, // U+0448
    { 13, 16, 224, 1, 12, 26, 10136 }, // U+0449
    { 12, 12, 224, 0, 12, 18, 10162 }, // U+044A
    { 11, 12, 224, 1, 12, 17, 10180 }, // U+044B
    { 11, 12, 224, 1, 12, 17, 10197 }, // U+044C
    { 11, 12, 224, 1, 12, 17, 10214 }, // U+044D
    { 13, 12, 224, 1, 12, 20, 10231 }, // U+044E
    { 11, 12, 224, 1, 12, 17, 10251 }, // U+044F
    { 11, 18, 224, 1, 18, 25, 10268 }, // U+0450
    { 11, 16, 224, 1, 16, 22, 10293 }, // U+0451
    { 12, 20, 224, 0, 16, 30, 10315 }, // U+0452
    { 11, 18, 224, 1, 18, 25, 10345 }, // U+0453
    { 11, 12, 224, 1, 12, 17, 10370 }, // U+0454
    { 11, 12, 224, 1, 12, 17, 10387 }, // U+0455
    { 11, 16, 224, 1, 16, 22, 10404 }, // U+0456
    { 11, 16, 224, 1, 16, 22, 10426 }, // U+0457
    { 9, 20, 224, 1, 16, 23, 10448 }, // U+0458
    { 14, 12, 224, 0, 12, 21, 10471 }, // U+0459
    { 14, 12, 224, 0, 12, 21, 10492 }, // U+045A
    { 12, 16, 224, 0, 16, 24, 10513 }, // U+045B
    { 11, 18, 224, 1, 18, 25, 10537 }, // U+045C
    { 11, 18, 224, 1, 18, 25, 10562 }, // U+045D
    { 11, 22, 224, 1, 18, 31, 10587 }, // U+045E
    { 11, 16, 224, 1, 12, 22, 10618 }, // U+045F
    { 12, 16, 224, 0, 16, 24, 10640 }, // U+0462
    { 12, 16, 224, 0, 16, 24, 10664 }, // U+0463
    { 13, 16, 224, 1, 16, 26, 10688 }, // U+0474
    { 13, 12, 224, 1, 12, 20, 10714 }, // U+0475
    { 13, 26, 224, 1, 22, 43, 10734 }, // U+048A
    { 13, 22, 224, 1, 18, 36, 10777 }, // U+048B
    { 12, 16, 224, 0, 16, 24, 10813 }, // U+048C
    { 12, 16, 224, 0, 16, 24, 10837 }, // U+048D
    { 11, 16, 224, 1, 16, 22, 10861 }, // U+048E
    { 13, 16, 224, 1, 12, 26, 10883 }, // U+048F
    { 11, 18, 224, 1, 18, 25, 10909 }, // U+0490
    { 11, 14, 224, 1, 14, 20, 10934 }, // U+0491
    { 12, 16, 224, 0, 16, 24, 10954 }, // U+0492
    { 12, 12, 224, 0, 12, 18, 10978 }, // U+0493
    { 11, 20, 224, 1, 16, 28, 10996 }, // U+0494
    { 11, 16, 224, 1, 12, 22, 11024 }, // U+0495
    { 14, 20, 224, 0, 16, 35, 11046 }, // U+0496
    { 14, 16, 224, 0, 12, 28, 11081 }, // U+0497
    { 11, 22, 224, 1, 16, 31, 11109 }, // U+0498
    { 11, 18, 224, 1, 12, 25, 11140 }, // U+0499
    { 13, 20, 224, 1, 16, 33, 11165 }, // U+049A
    { 13, 16, 224, 1, 12, 26, 11198 }, // U+049B
    { 12, 16, 224, 0, 16, 24, 11224 }, // U+049E
    { 12, 16, 224, 0, 16, 24, 11248 }, // U+049F
    { 12, 16, 224, 0, 16, 24, 11272 }, // U+04A0
    { 12, 12, 224, 0, 12, 18, 11296 }, // U+04A1
    { 13, 20, 224, 1, 16, 33, 11314 }, // U+04A2
    { 13, 16, 224, 1, 12, 26, 11347 }, // U+04A3
    { 13, 16, 224, 1, 16, 26, 11373 }, // U+04A4
    { 13, 12, 224, 1, 12, 20, 11399 }, // U+04A5
    { 11, 20, 224, 1, 16, 28, 11419 }, // U+04A6
    { 11, 16, 224, 1, 12, 22, 11447 }, // U+04A7
    { 11, 18, 224, 1, 16, 25, 11469 }, // U+04A8
    { 11, 14, 224, 1, 12, 20, 11494 }, // U+04A9
    { 11, 22, 224, 1, 16, 31, 11514 }, // U+04AA
    { 11, 18, 224, 1, 12, 25, 11545 }, // U+04AB
    { 11, 20, 224, 1, 16, 28, 11570 }, // U+04AC
    { 11, 16, 224, 1, 12, 22, 11598 }, // U+04AD
    { 11, 16, 224, 1, 16, 22, 11620 }, // U+04AE
    { 11, 16, 224, 1, 12, 22, 11642 }, // U+04AF
    { 11, 16, 224, 1, 16, 22, 11664 }, // U+04B0
    { 11, 16, 224, 1, 12, 22, 11686 }, // U+04B1
    { 13, 20, 224, 1, 16, 33, 11708 }, // U+04B2
    { 13, 16, 224, 1, 12, 26, 11741 }, // U+04B3
    { 14, 20, 224, 0, 16, 35, 11767 }, // U+04B4
    { 14, 16, 224, 0, 12, 28, 11802 }, // U+04B5
    { 13, 20, 224, 1, 16, 33, 11830 }, // U+04B6
    { 13, 16, 224, 1, 12, 26, 11863 }, // U+04B7
    { 11, 16, 224, 1, 16, 22, 11889 }, // U+04BA
    { 11, 16, 224, 1, 16, 22, 11911 }, // U+04BB
    { 12, 16, 224, 0, 16, 24, 11933 }, // U+04BC
    { 12, 12, 224, 0, 12, 18, 11957 }, // U+04BD
    { 12, 20, 224, 0, 16, 30, 11975 }, // U+04BE
    { 12, 16, 224, 0, 12, 24, 12005 }, // U+04BF
    { 11, 16, 224, 1, 16, 22, 12029 }, // U+04C0
    { 14, 22, 224, 0, 22, 39, 12051 }, // U+04C1
    { 14, 18, 224, 0, 18, 32, 12090 }, // U+04C2
    { 11, 20, 224, 1, 16, 28, 12122 }, // U+04C3
    { 11, 16, 224, 1, 12, 22, 12150 }, // U+04C4
    { 13, 20, 224, 1, 16, 33, 12172 }, // U+04C5
    { 13, 16, 224, 1, 12, 26, 12205 }, // U+04C6
    { 11, 20, 224, 1, 16, 28, 12231 }, // U+04C7
    { 11, 16, 224, 1, 12, 22, 12259 }, // U+04C8
    { 13, 20, 224, 1, 16, 33, 12281 }, // U+04C9
    { 13, 16, 224, 1, 12, 26, 12314 }, // U+04CA
    { 11, 20, 224, 1, 16, 28, 12340 }, // U+04CB
    { 11, 16, 224, 1, 12, 22, 12368 }, // U+04CC
    { 13, 20, 224, 1, 16, 33, 12390 }, // U+04CD
    { 13, 16, 224, 1, 12, 26, 12423 }, // U+04CE
    { 11, 16, 224, 1, 16, 22, 12449 }, // U+04CF
    { 11, 22, 224, 1, 22, 31, 12471 }, // U+04D0
    { 11, 18, 224, 1, 18, 25, 12502 }, // U+04D1
    { 11, 20, 224, 1, 20, 28, 12527 }, // U+04D2
    { 11, 16, 224, 1, 16, 22, 12555 }, // U+04D3
    { 14, 16, 224, 0, 16, 28, 12577 }, // U+04D4
    { 14, 12, 224, 0, 12, 21, 12605 }, // U+04D5
    { 11, 22, 224, 1, 22, 31, 12626 }, // U+04D6
    { 11, 18, 224, 1, 18, 25, 12657 }, // U+04D7
    { 14, 20, 224, 0, 20, 35, 12682 }, // U+04DC
    { 14, 16, 224, 0, 16, 28, 12717 }, // U+04DD
    { 11, 20, 224, 1, 20, 28, 12745 }, // U+04DE
    { 11, 16, 224, 1, 16, 22, 12773 }, // U+04DF
    { 11, 16, 224, 1, 16, 22, 12795 }, // U+04E0
    { 11, 16, 224, 1, 12, 22, 12817 }, // U+04E1
    { 11, 20, 224, 1, 20, 28, 12839 }, // U+04E2
    { 11, 16, 224, 1, 16, 22, 12867 }, // U+04E3
    { 11, 20, 224, 1, 20, 28, 12889 }, // U+04E4
    { 11, 16, 224, 1, 16, 22, 12917 }, // U+04E5
    { 11, 20, 224, 1, 20, 28, 12939 }, // U+04E6
    { 11, 16, 224, 1, 16, 22, 12967 }, // U+04E7
    { 11, 16, 224, 1, 16, 22, 12989 }, // U+04E8
    { 11, 12, 224, 1, 12, 17, 13011 }, // U+04E9
    { 11, 20, 224, 1, 20, 28, 13028 }, // U+04EA
    { 11, 16, 224, 1, 16, 22, 13056 }, // U+04EB
    { 11, 20, 224, 1, 20, 28, 13078 }, // U+04EC
    { 11, 16, 224, 1, 16, 22, 13106 }, // U+04ED
    { 11, 20, 224, 1, 20, 28, 13128 }, // U+04EE
    { 11, 20, 224, 1, 16, 28, 13156 }, // U+04EF
    { 11, 20, 224, 1, 20, 28, 13184 }, // U+04F0
    { 11, 20, 224, 1, 16, 28, 13212 }, // U+04F1
    { 11, 22, 224, 1, 22, 31, 13240 }, // U+04F2
    { 11, 22, 224, 1, 18, 31, 13271 }, // U+04F3
    { 11, 20, 224, 1, 20, 28, 13302 }, // U+04F4
    { 11, 16, 224, 1, 16, 22, 13330 }, // U+04F5
    { 11, 20, 224, 1, 16, 28, 13352 }, // U+04F6
    { 11, 16, 224, 1, 12, 22, 13380 }, // U+04F7
    { 11, 20, 224, 1, 20, 28, 13402 }, // U+04F8
    { 11, 16, 224, 1, 16, 22, 13430 }, // U+04F9
    { 11, 20, 224, 1, 16, 28, 13452 }, // U+04FC
    { 11, 16, 224, 1, 12, 22, 13480 }, // U+04FD
    { 11, 20, 224, 1, 16, 28, 13502 }, // U+1EA0
    { 11, 16, 224, 1, 12, 22, 13530 }, // U+1EA1
    { 11, 20, 224, 1, 16, 28, 13552 }, // U+1EB8
    { 11, 16, 224, 1, 12, 22, 13580 }, // U+1EB9
    { 11, 22, 224, 1, 22, 31, 13602 }, // U+1EBC
    { 11, 18, 224, 1, 18, 25, 13633 }, // U+1EBD
    { 11, 20, 224, 1, 16, 28, 13658 }, // U+1ECA
    { 11, 20, 224, 1, 16, 28, 13686 }, // U+1ECB
    { 11, 20, 224, 1, 16, 28, 13714 }, // U+1ECC
    { 11, 16, 224, 1, 12, 22, 13742 }, // U+1ECD
    { 11, 20, 224, 1, 16, 28, 13764 }, // U+1EE4
    { 11, 16, 224, 1, 12, 22, 13792 }, // U+1EE5
    { 11, 22, 224, 1, 22, 31, 13814 }, // U+1EF2
    { 11, 22, 224, 1, 18, 31, 13845 }, // U+1EF3
    { 11, 22, 224, 1, 22, 31, 13876 }, // U+1EF8
    { 11, 22, 224, 1, 18, 31, 13907 }, // U+1EF9
    { 7, 3, 224, 3, 8, 3, 13938 }, // U+2010
    { 11, 3, 224, 1, 8, 5, 13941 }, // U+2013
    { 14, 3, 224, 0, 8, 6, 13946 }, // U+2014
    { 14, 3, 224, 0, 8, 6, 13952 }, // U+2015
    { 5, 7, 224, 5, 16, 5, 13958 }, // U+2018
    { 5, 7, 224, 3, 16, 5, 13963 }, // U+2019
    { 5, 6, 224, 3, 4, 4, 13968 }, // U+201A
    { 9, 7, 224, 3, 16, 8, 13972 }, // U+201C
    { 9, 7, 224, 1, 16, 8, 13980 }, // U+201D
    { 9, 6, 224, 1, 4, 7, 13988 }, // U+201E
    { 11, 15, 224, 1, 18, 21, 13995 }, // U+2020
    { 11, 17, 224, 1, 18, 24, 14016 }, // U+2021
    { 5, 5, 224, 3, 10, 4, 14040 }, // U+2022
    { 11, 4, 224, 1, 4, 6, 14044 }, // U+2026
    { 3, 5, 224, 5, 12, 2, 14050 }, // U+2027
    { 14, 18, 224, 0, 18, 32, 14052 }, // U+2030
    { 3, 7, 224, 5, 16, 3, 14084 }, // U+2032
    { 7, 7, 224, 3, 16, 7, 14087 }, // U+2033
    { 7, 11, 224, 3, 12, 10, 14094 }, // U+2039
    { 7, 11, 224, 3, 12, 10, 14104 }, // U+203A
    { 14, 7, 224, 0, 10, 13, 14114 }, // U+2044
    { 11, 16, 224, 1, 12, 22, 14127 }, // U+204A
    { 13, 16, 224, 1, 16, 26, 14149 }, // U+2052
    { 11, 13, 224, 1, 18, 18, 14175 }, // U+2070
    { 11, 13, 224, 1, 18, 18, 14193 }, // U+2074
    { 11, 13, 224, 1, 18, 18, 14211 }, // U+2075
    { 11, 13, 224, 1, 18, 18, 14229 }, // U+2076
    { 11, 13, 224, 1, 18, 18, 14247 }, // U+2077
    { 11, 13, 224, 1, 18, 18, 14265 }, // U+2078
    { 11, 13, 224, 1, 18, 18, 14283 }, // U+2079
    { 11, 12, 224, 1, 8, 17, 14301 }, // U+2080
    { 7, 12, 224, 3, 8, 11, 14318 }, // U+2081
    { 11, 12, 224, 1, 8, 17, 14329 }, // U+2082
    { 11, 12, 224, 1, 8, 17, 14346 }, // U+2083
    { 11, 12, 224, 1, 8, 17, 14363 }, // U+2084
    { 11, 12, 224, 1, 8, 17, 14380 }, // U+2085
    { 11, 12, 224, 1, 8, 17, 14397 }, // U+2086
    { 11, 12, 224, 1, 8, 17, 14414 }, // U+2087
    { 11, 12, 224, 1, 8, 17, 14431 }, // U+2088
    { 11, 12, 224, 1, 8, 17, 14448 }, // U+2089
    { 12, 16, 224, 0, 16, 24, 14465 }, // U+20A3
    { 14, 16, 224, 0, 16, 28, 14489 }, // U+20A9
    { 11, 16, 224, 1, 16, 22, 14517 }, // U+20AA
    { 12, 16, 224, 0, 16, 24, 14539 }, // U+20AC
    { 11, 16, 224, 1, 16, 22, 14563 }, // U+20AE
    { 11, 16, 224, 1, 16, 22, 14585 }, // U+20B4
    { 11, 16, 224, 1, 16, 22, 14607 }, // U+20B8
    { 11, 16, 224, 1, 16, 22, 14629 }, // U+20B9
    { 11, 16, 224, 1, 16, 22, 14651 }, // U+20BA
    { 12, 16, 224, 0, 16, 24, 14673 }, // U+20BD
    { 11, 20, 224, 1, 18, 28, 14697 }, // U+20BF
    { 14, 11, 224, 0, 12, 20, 14725 }, // U+2190
    { 11, 16, 224, 1, 16, 22, 14745 }, // U+2191
    { 14, 11, 224, 0, 12, 20, 14767 }, // U+2192
    { 11, 16, 224, 1, 16, 22, 14787 }, // U+2193
    { 11, 20, 224, 1, 18, 28, 14809 }, // U+2195
    { 13, 13, 224, 1, 14, 22, 14837 }, // U+2196
    { 12, 13, 224, 0, 14, 20, 14859 }, // U+2197
    { 12, 13, 224, 0, 14, 20, 14879 }, // U+2198
    { 13, 13, 224, 1, 14, 22, 14899 }, // U+2199
    { 12, 16, 224, 0, 16, 24, 14921 }, // U+21B0
    { 13, 16, 224, 1, 16, 26, 14945 }, // U+21B1
    { 12, 16, 224, 0, 16, 24, 14971 }, // U+21B2
    { 13, 16, 224, 1, 16, 26, 14995 }, // U+21B3
    { 13, 16, 224, 1, 16, 26, 15021 }, // U+21B4
    { 12, 16, 224, 0, 16, 24, 15047 }, // U+21B5
    { 11, 16, 224, 1, 16, 22, 15071 }, // U+2202
    { 11, 16, 224, 1, 16, 22, 15093 }, // U+2206
    { 11, 16, 224, 1, 16, 22, 15115 }, // U+220F
    { 11, 16, 224, 1, 16, 22, 15137 }, // U+2211
    { 11, 3, 224, 1, 8, 5, 15159 }, // U+2212
    { 3, 5, 224, 5, 10, 2, 15164 }, // U+2219
    { 11, 16, 224, 1, 16, 22, 15166 }, // U+221A
    { 11, 11, 224, 1, 12, 16, 15188 }, // U+221E
    { 11, 20, 224, 1, 16, 28, 15204 }, // U+222B
    { 11, 11, 224, 1, 12, 16, 15232 }, // U+2248
    { 11, 11, 224, 1, 12, 16, 15248 }, // U+2260
    { 9, 18, 224, 1, 16, 21, 15264 }, // U+2264
    { 9, 18, 224, 3, 16, 21, 15285 }, // U+2265
};

static const EpdUnicodeInterval departure_mono_22_regularIntervals[] = {
    { 0x20, 0x7E, 0x0 },
    { 0xA0, 0x148, 0x5F },
    { 0x14A, 0x17F, 0x108 },
    { 0x1AF, 0x1B0, 0x13E },
    { 0x1CD, 0x1D4, 0x140 },
    { 0x1DD, 0x1DD, 0x148 },
    { 0x1E6, 0x1E7, 0x149 },
    { 0x1EA, 0x1EB, 0x14B },
    { 0x1F8, 0x1FF, 0x14D },
    { 0x218, 0x21B, 0x155 },
    { 0x21E, 0x21F, 0x159 },
    { 0x300, 0x304, 0x15B },
    { 0x306, 0x308, 0x160 },
    { 0x30A, 0x30C, 0x163 },
    { 0x312, 0x312, 0x166 },
    { 0x323, 0x323, 0x167 },
    { 0x326, 0x328, 0x168 },
    { 0x32E, 0x32E, 0x16B },
    { 0x400, 0x45F, 0x16C },
    { 0x462, 0x463, 0x1CC },
    { 0x474, 0x475, 0x1CE },
    { 0x48A, 0x49B, 0x1D0 },
    { 0x49E, 0x4B7, 0x1E2 },
    { 0x4BA, 0x4D7, 0x1FC },
    { 0x4DC, 0x4F9, 0x21A },
    { 0x4FC, 0x4FD, 0x238 },
    { 0x1EA0, 0x1EA1, 0x23A },
    { 0x1EB8, 0x1EB9, 0x23C },
    { 0x1EBC, 0x1EBD, 0x23E },
    { 0x1ECA, 0x1ECD, 0x240 },
    { 0x1EE4, 0x1EE5, 0x244 },
    { 0x1EF2, 0x1EF3, 0x246 },
    { 0x1EF8, 0x1EF9, 0x248 },
    { 0x2010, 0x2010, 0x24A },
    { 0x2013, 0x2015, 0x24B },
    { 0x2018, 0x201A, 0x24E },
    { 0x201C, 0x201E, 0x251 },
    { 0x2020, 0x2022, 0x254 },
    { 0x2026, 0x2027, 0x257 },
    { 0x2030, 0x2030, 0x259 },
    { 0x2032, 0x2033, 0x25A },
    { 0x2039, 0x203A, 0x25C },
    { 0x2044, 0x2044, 0x25E },
    { 0x204A, 0x204A, 0x25F },
    { 0x2052, 0x2052, 0x260 },
    { 0x2070, 0x2070, 0x261 },
    { 0x2074, 0x2079, 0x262 },
    { 0x2080, 0x2089, 0x268 },
    { 0x20A3, 0x20A3, 0x272 },
    { 0x20A9, 0x20AA, 0x273 },
    { 0x20AC, 0x20AC, 0x275 },
    { 0x20AE, 0x20AE, 0x276 },
    { 0x20B4, 0x20B4, 0x277 },
    { 0x20B8, 0x20BA, 0x278 },
    { 0x20BD, 0x20BD, 0x27B },
    { 0x20BF, 0x20BF, 0x27C },
    { 0x2190, 0x2193, 0x27D },
    { 0x2195, 0x2199, 0x281 },
    { 0x21B0, 0x21B5, 0x286 },
    { 0x2202, 0x2202, 0x28C },
    { 0x2206, 0x2206, 0x28D },
    { 0x220F, 0x220F, 0x28E },
    { 0x2211, 0x2212, 0x28F },
    { 0x2219, 0x221A, 0x291 },
    { 0x221E, 0x221E, 0x293 },
    { 0x222B, 0x222B, 0x294 },
    { 0x2248, 0x2248, 0x295 },
    { 0x2260, 0x2260, 0x296 },
    { 0x2264, 0x2265, 0x297 },
};

static const EpdFontData departure_mono_22_regular = {
    departure_mono_22_regularBitmaps,
    departure_mono_22_regularGlyphs,
    departure_mono_22_regularIntervals,
    69,
    28,
    22,
    -6,
    false,
    nullptr,
    0,
    nullptr,
    nullptr,
    nullptr,
    nullptr,
    0,
    0,
    0,
    0,
    nullptr,
    0,
};
